tenor,real_cod
1.0,0.020129
2.0,0.021214
3.0,0.022691
4.0,0.024156
5.0,0.025556
6.0,0.027165
7.0,0.029001
8.0,0.031004
9.0,0.032931
10.0,0.034666
11.0,0.036258
12.0,0.037631
13.0,0.038759
14.0,0.039616
15.0,0.040178
16.0,0.040457
17.0,0.04048
18.0,0.040285
19.0,0.03991
20.0,0.039397
21.0,0.038751
22.0,0.038038
23.0,0.03729
24.0,0.036536
25.0,0.03581
26.0,0.035148
27.0,0.034585
28.0,0.034152
29.0,0.033865
30.0,0.03372
