tenor,real_cod
1.0,0.021221
2.0,0.022307
3.0,0.024011
4.0,0.025705
5.0,0.027249
6.0,0.029005
7.0,0.030988
8.0,0.033139
9.0,0.035139
10.0,0.036873
11.0,0.038461
12.0,0.03983
13.0,0.040967
14.0,0.041842
15.0,0.042421
16.0,0.042716
17.0,0.042757
18.0,0.042577
19.0,0.042217
20.0,0.041718
21.0,0.041071
22.0,0.040357
23.0,0.039607
24.0,0.038851
25.0,0.038123
26.0,0.03746
27.0,0.036896
28.0,0.036462
29.0,0.036174
30.0,0.036028
