tenor,real_cod
1.0,0.021145
2.0,0.022231
3.0,0.02392
4.0,0.025597
5.0,0.027133
6.0,0.028878
7.0,0.030851
8.0,0.032992
9.0,0.034986
10.0,0.03672
11.0,0.038309
12.0,0.039679
13.0,0.040814
14.0,0.041688
15.0,0.042267
16.0,0.042561
17.0,0.042599
18.0,0.042418
19.0,0.042058
20.0,0.041559
21.0,0.040911
22.0,0.040197
23.0,0.039447
24.0,0.038692
25.0,0.037964
26.0,0.037301
27.0,0.036737
28.0,0.036303
29.0,0.036016
30.0,0.03587
