tenor,real_cod
1.0,0.024189
2.0,0.025278
3.0,0.027603
4.0,0.02992
5.0,0.031863
6.0,0.034018
7.0,0.036403
8.0,0.038958
9.0,0.041158
10.0,0.042886
11.0,0.044467
12.0,0.045828
13.0,0.046983
14.0,0.047909
15.0,0.048535
16.0,0.048877
17.0,0.048961
18.0,0.048825
19.0,0.048506
20.0,0.04805
21.0,0.047398
22.0,0.04668
23.0,0.045925
24.0,0.045165
25.0,0.044433
26.0,0.043766
27.0,0.043198
28.0,0.042761
29.0,0.042472
30.0,0.042325
