tenor,real_cod
1.0,0.020501
2.0,0.021587
3.0,0.023141
4.0,0.024685
5.0,0.026134
6.0,0.027794
7.0,0.02968
8.0,0.031734
9.0,0.033685
10.0,0.03542
11.0,0.03701
12.0,0.038382
13.0,0.039513
14.0,0.040377
15.0,0.040944
16.0,0.04123
17.0,0.041258
18.0,0.041068
19.0,0.040698
20.0,0.04019
21.0,0.039543
22.0,0.03883
23.0,0.038081
24.0,0.037327
25.0,0.0366
26.0,0.035938
27.0,0.035375
28.0,0.034941
29.0,0.034654
30.0,0.034508
