field,value
ticker,T
price,21.1299991607666
market_equity,146818393752.27197
nfo,163246000000.0
L,0.5264906364270464
lambda0,1.111890655032274
equity_vol,0.3284979260253906
sigma_V,0.15554684388731788
avg_correlation,0.35
market_value_of_debt,74835165525.0
portfolio_ytm,0.061864834721850004
wavg_mod_duration,10.973788549678023
wavg_coupon,0.04587126871297449
wavg_years,19.72022123655658
rating,BBB
offset,1.0776462059619376
