field,value
ticker,MSFT
price,385.1000061035156
market_equity,2860690249849.9673
nfo,44055000000.0
L,0.015166562369720884
lambda0,0.015400129392656378
equity_vol,0.27370002131463483
sigma_V,0.2695489328707725
avg_correlation,0.35
market_value_of_debt,35425153918.0
portfolio_ytm,0.05611322632984028
wavg_mod_duration,9.161894513552737
wavg_coupon,0.03249741329408724
wavg_years,14.822579057830268
rating,AAA
offset,1.3675503653624277
