field,value
ticker,T
price,21.809999465942383
market_equity,151543266280.5367
nfo,163246000000.0
L,0.5185882032410755
lambda0,1.0772237131130538
equity_vol,0.23794410466067148
sigma_V,0.11454909895288745
avg_correlation,0.35
market_value_of_debt,69276487500.0
portfolio_ytm,0.05427074578752333
wavg_mod_duration,7.020564654021902
wavg_coupon,0.03019365575152753
wavg_years,10.731355705707761
rating,AA
offset,0.6305722619676882
