field,value
ticker,T
price,21.414400100708008
market_equity,148794507847.97736
nfo,163246000000.0
L,0.5231564360853163
lambda0,1.0971238277610869
equity_vol,0.3137275659179687
sigma_V,0.14959897063060307
avg_correlation,0.35
market_value_of_debt,116047846974.0
portfolio_ytm,0.05931661615807404
wavg_mod_duration,8.382755803618492
wavg_coupon,0.041426770142201745
wavg_years,14.179288311027479
rating,BBB
offset,1.0219939953078723
