field,value
ticker,AAPL
price,327.4599914550781
market_equity,4809521470257.69
nfo,62723000000.0
L,0.012873533005761226
lambda0,0.013041422184698002
equity_vol,0.28545331253051753
sigma_V,0.28177851989005204
avg_correlation,0.35
market_value_of_debt,69276487500.0
portfolio_ytm,0.05427074578752333
wavg_mod_duration,7.020564654021902
wavg_coupon,0.03019365575152753
wavg_years,10.731355705707761
rating,AA
offset,0.9243760927964961
