field,value
ticker,GOOG
price,355.0299987792969
market_equity,4332279523093.151
nfo,46129000000.0
L,0.010535563266127555
lambda0,0.010647743238659938
equity_vol,0.2914904430165581
sigma_V,0.2884194270126856
avg_correlation,0.35
market_value_of_debt,86388314500.0
portfolio_ytm,0.05202321300914181
wavg_mod_duration,8.900098470948521
wavg_coupon,0.040889953317123695
wavg_years,16.169865680885664
rating,AA
offset,1.123189307031839
