field,value
ticker,T
price,21.924999237060547
market_equity,152342323656.21317
nfo,163246000000.0
L,0.5172751580563304
lambda0,1.0715735199654226
equity_vol,0.3039620385742187
sigma_V,0.14673002702761534
avg_correlation,0.35
market_value_of_debt,162114258607.8803
portfolio_ytm,0.06016187988907018
wavg_mod_duration,8.953761961492106
wavg_coupon,0.05311684044060491
wavg_years,14.135809292430592
rating,BBB
offset,0.9496648466547839
mvd_basis,book-scaled
