field,value
ticker,T
price,21.809999465942383
market_equity,151543266280.5367
nfo,163246000000.0
L,0.5185882032410755
lambda0,1.0772237131130538
equity_vol,0.30811238769531246
sigma_V,0.1483289381640827
avg_correlation,0.35
market_value_of_debt,0.0
portfolio_ytm,
wavg_mod_duration,
wavg_coupon,
wavg_years,
rating,BBB
offset,0.978665004945532
