field,value
ticker,T
price,21.400100708007812
market_equity,148695150822.3617
nfo,163246000000.0
L,0.5233230677313306
lambda0,1.0978569179772475
equity_vol,0.3148261877441406
sigma_V,0.1500703813717171
avg_correlation,0.35
market_value_of_debt,116047846974.0
portfolio_ytm,0.05931661615807404
wavg_mod_duration,8.382755803618492
wavg_coupon,0.041426770142201745
wavg_years,14.179288311027479
rating,BBB
offset,1.0219939953078723
