field,value
ticker,T
price,21.94499969482422
market_equity,152481293613.61026
nfo,163246000000.0
L,0.517047475153611
lambda0,1.0705968983557266
equity_vol,0.30676962768554683
sigma_V,0.14815516623692154
avg_correlation,0.35
market_value_of_debt,0.0
portfolio_ytm,
wavg_mod_duration,
wavg_coupon,
wavg_years,
rating,BBB
offset,0.9496648466547839
