field,value
ticker,HD
price,343.29998779296875
market_equity,342310144758.7655
nfo,63961000000.0
L,0.1574342672994376
lambda0,0.18685102086318509
equity_vol,0.24905438482890133
sigma_V,0.20984469023565108
avg_correlation,0.35
market_value_of_debt,41102190000.0
portfolio_ytm,0.05495484962428754
wavg_mod_duration,7.480113725228972
wavg_coupon,0.03958443777570003
wavg_years,11.430387554541094
rating,A
offset,0.8272421787138676
