tenor,market_erp
1.0,0.034782
2.0,0.032734
3.0,0.030855
4.0,0.029133
5.0,0.027553
6.0,0.026104
7.0,0.024776
8.0,0.023558
9.0,0.022441
10.0,0.021417
11.0,0.020478
12.0,0.019616
13.0,0.018826
14.0,0.018102
15.0,0.017438
16.0,0.016829
17.0,0.016271
18.0,0.015758
19.0,0.015289
20.0,0.014858
21.0,0.014463
22.0,0.014101
23.0,0.013769
24.0,0.013465
25.0,0.013185
26.0,0.012929
27.0,0.012694
28.0,0.012479
29.0,0.012282
30.0,0.012101
