tenor,market_erp
1.0,0.027225
2.0,0.025812
3.0,0.024516
4.0,0.023328
5.0,0.022238
6.0,0.021239
7.0,0.020323
8.0,0.019483
9.0,0.018712
10.0,0.018006
11.0,0.017358
12.0,0.016764
13.0,0.016219
14.0,0.01572
15.0,0.015262
16.0,0.014841
17.0,0.014456
18.0,0.014103
19.0,0.013779
20.0,0.013482
21.0,0.01321
22.0,0.01296
23.0,0.012731
24.0,0.012521
25.0,0.012328
26.0,0.012151
27.0,0.01199
28.0,0.011841
29.0,0.011705
30.0,0.01158
