tenor,market_erp
1.0,0.034969
2.0,0.032913
3.0,0.031028
4.0,0.0293
5.0,0.027714
6.0,0.026261
7.0,0.024928
8.0,0.023705
9.0,0.022584
10.0,0.021557
11.0,0.020614
12.0,0.01975
13.0,0.018957
14.0,0.01823
15.0,0.017564
16.0,0.016953
17.0,0.016392
18.0,0.015878
19.0,0.015407
20.0,0.014975
21.0,0.014579
22.0,0.014215
23.0,0.013882
24.0,0.013576
25.0,0.013296
26.0,0.013039
27.0,0.012804
28.0,0.012587
29.0,0.012389
30.0,0.012208
