tenor,market_erp
1.0,0.027989
2.0,0.026505
3.0,0.025143
4.0,0.023895
5.0,0.02275
6.0,0.0217
7.0,0.020737
8.0,0.019854
9.0,0.019045
10.0,0.018302
11.0,0.017622
12.0,0.016997
13.0,0.016425
14.0,0.0159
15.0,0.015419
16.0,0.014977
17.0,0.014572
18.0,0.014201
19.0,0.013861
20.0,0.013549
21.0,0.013262
22.0,0.013
23.0,0.012759
24.0,0.012539
25.0,0.012336
26.0,0.012151
27.0,0.01198
28.0,0.011824
29.0,0.011681
30.0,0.01155
