tenor,market_erp
1.0,0.02259
2.0,0.021537
3.0,0.020571
4.0,0.019685
5.0,0.018873
6.0,0.018129
7.0,0.017446
8.0,0.016819
9.0,0.016245
10.0,0.015718
11.0,0.015236
12.0,0.014793
13.0,0.014387
14.0,0.014014
15.0,0.013673
16.0,0.01336
17.0,0.013073
18.0,0.012809
19.0,0.012568
20.0,0.012346
21.0,0.012143
22.0,0.011957
23.0,0.011786
24.0,0.01163
25.0,0.011486
26.0,0.011355
27.0,0.011234
28.0,0.011123
29.0,0.011022
30.0,0.010929
