tenor,market_erp
1.0,0.024555
2.0,0.023363
3.0,0.022271
4.0,0.021269
5.0,0.02035
6.0,0.019508
7.0,0.018735
8.0,0.018027
9.0,0.017377
10.0,0.016782
11.0,0.016235
12.0,0.015735
13.0,0.015275
14.0,0.014854
15.0,0.014468
16.0,0.014114
17.0,0.013789
18.0,0.013491
19.0,0.013218
20.0,0.012967
21.0,0.012738
22.0,0.012527
23.0,0.012334
24.0,0.012157
25.0,0.011994
26.0,0.011845
27.0,0.011709
28.0,0.011584
29.0,0.011469
30.0,0.011363
