tenor,market_erp
1.0,0.035231
2.0,0.033137
3.0,0.031217
4.0,0.029456
5.0,0.027841
6.0,0.02636
7.0,0.025003
8.0,0.023757
9.0,0.022616
10.0,0.021569
11.0,0.020608
12.0,0.019728
13.0,0.018921
14.0,0.01818
15.0,0.017501
16.0,0.016879
17.0,0.016308
18.0,0.015784
19.0,0.015304
20.0,0.014864
21.0,0.01446
22.0,0.01409
23.0,0.013751
24.0,0.013439
25.0,0.013154
26.0,0.012892
27.0,0.012652
28.0,0.012432
29.0,0.01223
30.0,0.012045
