tenor,market_erp
1.0,0.029447
2.0,0.027824
3.0,0.026337
4.0,0.024972
5.0,0.023722
6.0,0.022574
7.0,0.021522
8.0,0.020558
9.0,0.019673
10.0,0.018862
11.0,0.018118
12.0,0.017436
13.0,0.016811
14.0,0.016237
15.0,0.015711
16.0,0.015229
17.0,0.014787
18.0,0.014381
19.0,0.014009
20.0,0.013668
21.0,0.013355
22.0,0.013069
23.0,0.012806
24.0,0.012564
25.0,0.012343
26.0,0.012141
27.0,0.011955
28.0,0.011784
29.0,0.011628
30.0,0.011484
