tenor,market_erp
1.0,0.027989
2.0,0.026496
3.0,0.025127
4.0,0.023872
5.0,0.02272
6.0,0.021665
7.0,0.020696
8.0,0.019809
9.0,0.018995
10.0,0.018248
11.0,0.017564
12.0,0.016936
13.0,0.01636
14.0,0.015832
15.0,0.015348
16.0,0.014904
17.0,0.014497
18.0,0.014124
19.0,0.013782
20.0,0.013468
21.0,0.01318
22.0,0.012916
23.0,0.012674
24.0,0.012452
25.0,0.012249
26.0,0.012062
27.0,0.011891
28.0,0.011734
29.0,0.01159
30.0,0.011458
