tenor,market_erp
1.0,0.025091
2.0,0.023822
3.0,0.022658
4.0,0.021591
5.0,0.020612
6.0,0.019715
7.0,0.018892
8.0,0.018137
9.0,0.017445
10.0,0.016811
11.0,0.016229
12.0,0.015695
13.0,0.015206
14.0,0.014757
15.0,0.014346
16.0,0.013969
17.0,0.013623
18.0,0.013305
19.0,0.013014
20.0,0.012748
21.0,0.012503
22.0,0.012279
23.0,0.012073
24.0,0.011884
25.0,0.011711
26.0,0.011553
27.0,0.011407
28.0,0.011274
29.0,0.011152
30.0,0.011039
