tenor,market_erp
1.0,0.027225
2.0,0.025795
3.0,0.024484
4.0,0.023282
5.0,0.02218
6.0,0.021169
7.0,0.020242
8.0,0.019392
9.0,0.018612
10.0,0.017898
11.0,0.017242
12.0,0.016641
13.0,0.01609
14.0,0.015585
15.0,0.015121
16.0,0.014696
17.0,0.014306
18.0,0.013949
19.0,0.013621
20.0,0.013321
21.0,0.013045
22.0,0.012792
23.0,0.012561
24.0,0.012348
25.0,0.012153
26.0,0.011974
27.0,0.011811
28.0,0.01166
29.0,0.011522
30.0,0.011396
