tenor,market_erp
1.0,0.02907
2.0,0.027496
3.0,0.026052
4.0,0.024728
5.0,0.023514
6.0,0.022401
7.0,0.02138
8.0,0.020444
9.0,0.019585
10.0,0.018798
11.0,0.018076
12.0,0.017414
13.0,0.016807
14.0,0.01625
15.0,0.01574
16.0,0.015272
17.0,0.014843
18.0,0.014449
19.0,0.014088
20.0,0.013757
21.0,0.013453
22.0,0.013175
23.0,0.01292
24.0,0.012686
25.0,0.012471
26.0,0.012274
27.0,0.012094
28.0,0.011929
29.0,0.011777
30.0,0.011638
