tenor,market_erp
1.0,0.027689
2.0,0.026237
3.0,0.024906
4.0,0.023686
5.0,0.022567
6.0,0.02154
7.0,0.020599
8.0,0.019736
9.0,0.018944
10.0,0.018219
11.0,0.017553
12.0,0.016943
13.0,0.016383
14.0,0.01587
15.0,0.015399
16.0,0.014968
17.0,0.014572
18.0,0.014209
19.0,0.013877
20.0,0.013571
21.0,0.013292
22.0,0.013035
23.0,0.0128
24.0,0.012584
25.0,0.012386
26.0,0.012205
27.0,0.012038
28.0,0.011886
29.0,0.011746
30.0,0.011618
