run_utc,as_of,maturity,nominal,real,breakeven,exp_inflation,phi,nominal_fwd1y,real_fwd1y,breakeven_fwd1y,exp_inflation_fwd1y,reliability,provenance
2026-07-11T20:53:40,2026-07-02,1.0,4.0552,1.4733,2.5819,3.0192,-0.4373,4.0552,1.4733,2.5819,3.0192,0.0,front-constructed
2026-07-11T20:53:40,2026-07-02,2.0,4.0782,2.053,2.0252,2.7498,-0.7246,4.1012,2.6327,1.4685,2.4804,1.0,observed
2026-07-11T20:53:40,2026-07-02,3.0,4.1153,1.9664,2.1489,2.6383,-0.4893,4.1896,1.7931,2.3965,2.4153,1.0,observed
2026-07-11T20:53:40,2026-07-02,4.0,4.1634,1.9354,2.228,2.5781,-0.3501,4.3077,1.8425,2.4652,2.3977,1.0,observed
2026-07-11T20:53:40,2026-07-02,5.0,4.2198,1.945,2.2748,2.5422,-0.2674,4.4452,1.9834,2.4618,2.3983,1.0,observed
2026-07-11T20:53:40,2026-07-02,6.0,4.2821,1.9833,2.2988,2.5197,-0.2209,4.5935,2.1745,2.419,2.4075,1.0,observed
2026-07-11T20:53:40,2026-07-02,7.0,4.3483,2.0408,2.3074,2.5056,-0.1981,4.7455,2.3862,2.3593,2.4206,1.0,observed
2026-07-11T20:53:40,2026-07-02,8.0,4.4167,2.1105,2.3062,2.4967,-0.1905,4.8956,2.598,2.2976,2.435,1.0,observed
2026-07-11T20:53:40,2026-07-02,9.0,4.4859,2.1867,2.2992,2.4915,-0.1923,5.0394,2.7962,2.2432,2.4498,1.0,observed
2026-07-11T20:53:40,2026-07-02,10.0,4.5546,2.2652,2.2894,2.4888,-0.1994,5.1734,2.9723,2.2012,2.4642,1.0,observed
2026-07-11T20:53:40,2026-07-02,11.0,4.622,2.3431,2.2789,2.4878,-0.2089,5.2951,3.1213,2.1738,2.478,1.0,observed
2026-07-11T20:53:40,2026-07-02,12.0,4.687,2.4179,2.2691,2.4881,-0.219,5.4025,3.2412,2.1612,2.491,1.0,observed
2026-07-11T20:53:40,2026-07-02,13.0,4.7491,2.4882,2.2609,2.4893,-0.2284,5.4943,3.332,2.1623,2.5033,1.0,observed
2026-07-11T20:53:40,2026-07-02,14.0,4.8077,2.553,2.2547,2.4911,-0.2364,5.5697,3.3948,2.1749,2.5149,1.0,observed
2026-07-11T20:53:40,2026-07-02,15.0,4.8624,2.6116,2.2509,2.4934,-0.2425,5.6285,3.4317,2.1968,2.5258,1.0,observed
2026-07-11T20:53:40,2026-07-02,16.0,4.9129,2.6637,2.2493,2.4961,-0.2468,5.6704,3.4452,2.2252,2.5359,1.0,observed
2026-07-11T20:53:40,2026-07-02,17.0,4.959,2.7092,2.2498,2.499,-0.2492,5.6959,3.4383,2.2576,2.5455,1.0,observed
2026-07-11T20:53:40,2026-07-02,18.0,5.0004,2.7484,2.2521,2.502,-0.25,5.7053,3.4137,2.2916,2.5544,1.0,observed
2026-07-11T20:53:40,2026-07-02,19.0,5.0372,2.7813,2.2559,2.5052,-0.2493,5.6992,3.3743,2.325,2.5627,1.0,observed
2026-07-11T20:53:40,2026-07-02,20.0,5.0693,2.8084,2.2609,2.5085,-0.2476,5.6785,3.3228,2.3557,2.5705,1.0,observed
2026-07-11T20:53:40,2026-07-02,21.0,5.0967,2.8316,2.2651,2.5118,-0.2467,5.644,3.2956,2.3484,2.5778,0.0,back-constructed
2026-07-11T20:53:40,2026-07-02,22.0,5.1194,2.8501,2.2693,2.5151,-0.2459,5.5966,3.2396,2.357,2.5847,0.0,back-constructed
2026-07-11T20:53:40,2026-07-02,23.0,5.1375,2.8641,2.2734,2.5184,-0.245,5.5373,3.1722,2.3651,2.5911,0.0,back-constructed
2026-07-11T20:53:40,2026-07-02,24.0,5.1513,2.8737,2.2776,2.5217,-0.2441,5.4671,3.0943,2.3728,2.5971,0.0,back-constructed
2026-07-11T20:53:40,2026-07-02,25.0,5.1607,2.879,2.2817,2.5249,-0.2433,5.3869,3.0068,2.3802,2.6027,0.0,back-constructed
2026-07-11T20:53:40,2026-07-02,26.0,5.166,2.8803,2.2857,2.5281,-0.2424,5.2979,2.9107,2.3871,2.608,0.0,back-constructed
2026-07-11T20:53:40,2026-07-02,27.0,5.1673,2.8775,2.2897,2.5313,-0.2415,5.2008,2.807,2.3938,2.6129,0.0,back-constructed
2026-07-11T20:53:40,2026-07-02,28.0,5.1648,2.8711,2.2937,2.5344,-0.2407,5.0968,2.6967,2.4001,2.6175,0.0,back-constructed
2026-07-11T20:53:40,2026-07-02,29.0,5.1586,2.8611,2.2975,2.5374,-0.2398,4.9867,2.5805,2.4062,2.6218,0.0,back-constructed
2026-07-11T20:53:40,2026-07-02,30.0,5.149,2.8477,2.3014,2.5403,-0.239,4.8713,2.4594,2.4119,2.6259,0.0,back-constructed
2026-07-11T21:24:58,2026-07-02,1.0,4.0552,1.7752,2.28,3.0192,-0.7392,4.0552,1.7752,2.28,3.0192,0.0,front-constructed
2026-07-11T21:24:58,2026-07-02,2.0,4.0782,1.826,2.2522,2.7498,-0.4976,4.1012,1.8768,2.2244,2.4804,1.0,observed
2026-07-11T21:24:58,2026-07-02,3.0,4.1153,1.8743,2.241,2.6383,-0.3973,4.1896,1.9709,2.2187,2.4153,1.0,observed
2026-07-11T21:24:58,2026-07-02,4.0,4.1634,1.921,2.2425,2.5781,-0.3357,4.3077,2.061,2.2468,2.3977,1.0,observed
2026-07-11T21:24:58,2026-07-02,5.0,4.2198,1.9683,2.2515,2.5422,-0.2907,4.4452,2.1575,2.2877,2.3983,1.0,observed
2026-07-11T21:24:58,2026-07-02,6.0,4.2821,2.0187,2.2634,2.5197,-0.2564,4.5935,2.2709,2.3226,2.4075,1.0,observed
2026-07-11T21:24:58,2026-07-02,7.0,4.3483,2.074,2.2743,2.5056,-0.2313,4.7455,2.4057,2.3398,2.4206,1.0,observed
2026-07-11T21:24:58,2026-07-02,8.0,4.4167,2.1346,2.282,2.4967,-0.2147,4.8956,2.5592,2.3364,2.435,1.0,observed
2026-07-11T21:24:58,2026-07-02,9.0,4.4859,2.2001,2.2858,2.4915,-0.2057,5.0394,2.7237,2.3157,2.4498,1.0,observed
2026-07-11T21:24:58,2026-07-02,10.0,4.5546,2.269,2.2857,2.4888,-0.2031,5.1734,2.8888,2.2846,2.4642,1.0,observed
2026-07-11T21:24:58,2026-07-02,11.0,4.622,2.3394,2.2825,2.4878,-0.2053,5.2951,3.0441,2.251,2.478,1.0,observed
2026-07-11T21:24:58,2026-07-02,12.0,4.687,2.4095,2.2775,2.4881,-0.2106,5.4025,3.1807,2.2218,2.491,1.0,observed
2026-07-11T21:24:58,2026-07-02,13.0,4.7491,2.4774,2.2716,2.4893,-0.2176,5.4943,3.2924,2.2019,2.5033,1.0,observed
2026-07-11T21:24:58,2026-07-02,14.0,4.8077,2.5416,2.2661,2.4911,-0.225,5.5697,3.3757,2.194,2.5149,1.0,observed
2026-07-11T21:24:58,2026-07-02,15.0,4.8624,2.6008,2.2616,2.4934,-0.2318,5.6285,3.4299,2.1985,2.5258,1.0,observed
2026-07-11T21:24:58,2026-07-02,16.0,4.9129,2.6543,2.2586,2.4961,-0.2374,5.6704,3.4562,2.2142,2.5359,1.0,observed
2026-07-11T21:24:58,2026-07-02,17.0,4.959,2.7015,2.2574,2.499,-0.2415,5.6959,3.4575,2.2384,2.5455,1.0,observed
2026-07-11T21:24:58,2026-07-02,18.0,5.0004,2.7424,2.258,2.502,-0.244,5.7053,3.4375,2.2678,2.5544,1.0,observed
2026-07-11T21:24:58,2026-07-02,19.0,5.0372,2.7771,2.2602,2.5052,-0.2451,5.6992,3.4005,2.2987,2.5627,1.0,observed
2026-07-11T21:24:58,2026-07-02,20.0,5.0693,2.8058,2.2635,2.5085,-0.245,5.6785,3.3509,2.3276,2.5705,1.0,observed
2026-07-11T21:24:58,2026-07-02,21.0,5.0967,2.8289,2.2677,2.5118,-0.2441,5.644,3.292,2.352,2.5778,0.0,back-constructed
2026-07-11T21:24:58,2026-07-02,22.0,5.1194,2.847,2.2724,2.5151,-0.2427,5.5966,3.2268,2.3698,2.5847,0.0,back-constructed
2026-07-11T21:24:58,2026-07-02,23.0,5.1375,2.8605,2.277,2.5184,-0.2414,5.5373,3.1578,2.3795,2.5911,0.0,back-constructed
2026-07-11T21:24:58,2026-07-02,24.0,5.1513,2.87,2.2813,2.5217,-0.2404,5.4671,3.088,2.3791,2.5971,0.0,back-constructed
2026-07-11T21:24:58,2026-07-02,25.0,5.1607,2.876,2.2847,2.5249,-0.2402,5.3869,3.0205,2.3665,2.6027,0.0,back-constructed
2026-07-11T21:24:58,2026-07-02,26.0,5.166,2.8792,2.2868,2.5281,-0.2413,5.2979,2.9587,2.3392,2.608,0.0,back-constructed
2026-07-11T21:24:58,2026-07-02,27.0,5.1673,2.8802,2.2871,2.5313,-0.2442,5.2008,2.9062,2.2947,2.6129,0.0,back-constructed
2026-07-11T21:24:58,2026-07-02,28.0,5.1648,2.8797,2.2851,2.5344,-0.2493,5.0968,2.8658,2.231,2.6175,0.0,back-constructed
2026-07-11T21:24:58,2026-07-02,29.0,5.1586,2.8783,2.2803,2.5374,-0.257,4.9867,2.8394,2.1473,2.6218,0.0,back-constructed
2026-07-11T21:24:58,2026-07-02,30.0,5.149,2.8766,2.2725,2.5403,-0.2678,4.8713,2.8265,2.0448,2.6259,0.0,back-constructed
2026-07-11T22:51:30,2026-07-02,1.0,4.0552,1.7752,2.28,3.0192,-0.7392,4.0552,1.7752,2.28,3.0192,0.0,front-constructed
2026-07-11T22:51:30,2026-07-02,2.0,4.0782,1.826,2.2522,2.7498,-0.4976,4.1012,1.8768,2.2244,2.4804,1.0,observed
2026-07-11T22:51:30,2026-07-02,3.0,4.1153,1.8743,2.241,2.6383,-0.3973,4.1896,1.9709,2.2187,2.4153,1.0,observed
2026-07-11T22:51:30,2026-07-02,4.0,4.1634,1.921,2.2425,2.5781,-0.3357,4.3077,2.061,2.2468,2.3977,1.0,observed
2026-07-11T22:51:30,2026-07-02,5.0,4.2198,1.9683,2.2515,2.5422,-0.2907,4.4452,2.1575,2.2877,2.3983,1.0,observed
2026-07-11T22:51:30,2026-07-02,6.0,4.2821,2.0187,2.2634,2.5197,-0.2564,4.5935,2.2709,2.3226,2.4075,1.0,observed
2026-07-11T22:51:30,2026-07-02,7.0,4.3483,2.074,2.2743,2.5056,-0.2313,4.7455,2.4057,2.3398,2.4206,1.0,observed
2026-07-11T22:51:30,2026-07-02,8.0,4.4167,2.1346,2.282,2.4967,-0.2147,4.8956,2.5592,2.3364,2.435,1.0,observed
2026-07-11T22:51:30,2026-07-02,9.0,4.4859,2.2001,2.2858,2.4915,-0.2057,5.0394,2.7237,2.3157,2.4498,1.0,observed
2026-07-11T22:51:30,2026-07-02,10.0,4.5546,2.269,2.2857,2.4888,-0.2031,5.1734,2.8888,2.2846,2.4642,1.0,observed
2026-07-11T22:51:30,2026-07-02,11.0,4.622,2.3394,2.2825,2.4878,-0.2053,5.2951,3.0441,2.251,2.478,1.0,observed
2026-07-11T22:51:30,2026-07-02,12.0,4.687,2.4095,2.2775,2.4881,-0.2106,5.4025,3.1807,2.2218,2.491,1.0,observed
2026-07-11T22:51:30,2026-07-02,13.0,4.7491,2.4774,2.2716,2.4893,-0.2176,5.4943,3.2924,2.2019,2.5033,1.0,observed
2026-07-11T22:51:30,2026-07-02,14.0,4.8077,2.5416,2.2661,2.4911,-0.225,5.5697,3.3757,2.194,2.5149,1.0,observed
2026-07-11T22:51:30,2026-07-02,15.0,4.8624,2.6008,2.2616,2.4934,-0.2318,5.6285,3.4299,2.1985,2.5258,1.0,observed
2026-07-11T22:51:30,2026-07-02,16.0,4.9129,2.6543,2.2586,2.4961,-0.2374,5.6704,3.4562,2.2142,2.5359,1.0,observed
2026-07-11T22:51:30,2026-07-02,17.0,4.959,2.7015,2.2574,2.499,-0.2415,5.6959,3.4575,2.2384,2.5455,1.0,observed
2026-07-11T22:51:30,2026-07-02,18.0,5.0004,2.7424,2.258,2.502,-0.244,5.7053,3.4375,2.2678,2.5544,1.0,observed
2026-07-11T22:51:30,2026-07-02,19.0,5.0372,2.7771,2.2602,2.5052,-0.2451,5.6992,3.4005,2.2987,2.5627,1.0,observed
2026-07-11T22:51:30,2026-07-02,20.0,5.0693,2.8058,2.2635,2.5085,-0.245,5.6785,3.3509,2.3276,2.5705,1.0,observed
2026-07-11T22:51:30,2026-07-02,21.0,5.0967,2.8289,2.2677,2.5118,-0.2441,5.644,3.292,2.352,2.5778,0.0,back-constructed
2026-07-11T22:51:30,2026-07-02,22.0,5.1194,2.847,2.2724,2.5151,-0.2427,5.5966,3.2268,2.3698,2.5847,0.0,back-constructed
2026-07-11T22:51:30,2026-07-02,23.0,5.1375,2.8605,2.277,2.5184,-0.2414,5.5373,3.1578,2.3795,2.5911,0.0,back-constructed
2026-07-11T22:51:30,2026-07-02,24.0,5.1513,2.87,2.2813,2.5217,-0.2404,5.4671,3.088,2.3791,2.5971,0.0,back-constructed
2026-07-11T22:51:30,2026-07-02,25.0,5.1607,2.876,2.2847,2.5249,-0.2402,5.3869,3.0205,2.3665,2.6027,0.0,back-constructed
2026-07-11T22:51:30,2026-07-02,26.0,5.166,2.8792,2.2868,2.5281,-0.2413,5.2979,2.9587,2.3392,2.608,0.0,back-constructed
2026-07-11T22:51:30,2026-07-02,27.0,5.1673,2.8802,2.2871,2.5313,-0.2442,5.2008,2.9062,2.2947,2.6129,0.0,back-constructed
2026-07-11T22:51:30,2026-07-02,28.0,5.1648,2.8797,2.2851,2.5344,-0.2493,5.0968,2.8658,2.231,2.6175,0.0,back-constructed
2026-07-11T22:51:30,2026-07-02,29.0,5.1586,2.8783,2.2803,2.5374,-0.257,4.9867,2.8394,2.1473,2.6218,0.0,back-constructed
2026-07-11T22:51:30,2026-07-02,30.0,5.149,2.8766,2.2725,2.5403,-0.2678,4.8713,2.8265,2.0448,2.6259,0.0,back-constructed
2026-07-12T01:53:23,2026-07-02,1.0,4.0552,1.7752,2.28,3.0192,-0.7392,4.0552,1.7752,2.28,3.0192,0.0,front-constructed
2026-07-12T01:53:23,2026-07-02,2.0,4.0782,1.826,2.2522,2.7498,-0.4976,4.1012,1.8768,2.2244,2.4804,1.0,observed
2026-07-12T01:53:23,2026-07-02,3.0,4.1153,1.8743,2.241,2.6383,-0.3973,4.1896,1.9709,2.2187,2.4153,1.0,observed
2026-07-12T01:53:23,2026-07-02,4.0,4.1634,1.921,2.2425,2.5781,-0.3357,4.3077,2.061,2.2468,2.3977,1.0,observed
2026-07-12T01:53:23,2026-07-02,5.0,4.2198,1.9683,2.2515,2.5422,-0.2907,4.4452,2.1575,2.2877,2.3983,1.0,observed
2026-07-12T01:53:23,2026-07-02,6.0,4.2821,2.0187,2.2634,2.5197,-0.2564,4.5935,2.2709,2.3226,2.4075,1.0,observed
2026-07-12T01:53:23,2026-07-02,7.0,4.3483,2.074,2.2743,2.5056,-0.2313,4.7455,2.4057,2.3398,2.4206,1.0,observed
2026-07-12T01:53:23,2026-07-02,8.0,4.4167,2.1346,2.282,2.4967,-0.2147,4.8956,2.5592,2.3364,2.435,1.0,observed
2026-07-12T01:53:23,2026-07-02,9.0,4.4859,2.2001,2.2858,2.4915,-0.2057,5.0394,2.7237,2.3157,2.4498,1.0,observed
2026-07-12T01:53:23,2026-07-02,10.0,4.5546,2.269,2.2857,2.4888,-0.2031,5.1734,2.8888,2.2846,2.4642,1.0,observed
2026-07-12T01:53:23,2026-07-02,11.0,4.622,2.3394,2.2825,2.4878,-0.2053,5.2951,3.0441,2.251,2.478,1.0,observed
2026-07-12T01:53:23,2026-07-02,12.0,4.687,2.4095,2.2775,2.4881,-0.2106,5.4025,3.1807,2.2218,2.491,1.0,observed
2026-07-12T01:53:23,2026-07-02,13.0,4.7491,2.4774,2.2716,2.4893,-0.2176,5.4943,3.2924,2.2019,2.5033,1.0,observed
2026-07-12T01:53:23,2026-07-02,14.0,4.8077,2.5416,2.2661,2.4911,-0.225,5.5697,3.3757,2.194,2.5149,1.0,observed
2026-07-12T01:53:23,2026-07-02,15.0,4.8624,2.6008,2.2616,2.4934,-0.2318,5.6285,3.4299,2.1985,2.5258,1.0,observed
2026-07-12T01:53:23,2026-07-02,16.0,4.9129,2.6543,2.2586,2.4961,-0.2374,5.6704,3.4562,2.2142,2.5359,1.0,observed
2026-07-12T01:53:23,2026-07-02,17.0,4.959,2.7015,2.2574,2.499,-0.2415,5.6959,3.4575,2.2384,2.5455,1.0,observed
2026-07-12T01:53:23,2026-07-02,18.0,5.0004,2.7424,2.258,2.502,-0.244,5.7053,3.4375,2.2678,2.5544,1.0,observed
2026-07-12T01:53:23,2026-07-02,19.0,5.0372,2.7771,2.2602,2.5052,-0.2451,5.6992,3.4005,2.2987,2.5627,1.0,observed
2026-07-12T01:53:23,2026-07-02,20.0,5.0693,2.8058,2.2635,2.5085,-0.245,5.6785,3.3509,2.3276,2.5705,1.0,observed
2026-07-12T01:53:23,2026-07-02,21.0,5.0967,2.8289,2.2677,2.5118,-0.2441,5.644,3.292,2.352,2.5778,0.0,back-constructed
2026-07-12T01:53:23,2026-07-02,22.0,5.1194,2.847,2.2724,2.5151,-0.2427,5.5966,3.2268,2.3698,2.5847,0.0,back-constructed
2026-07-12T01:53:23,2026-07-02,23.0,5.1375,2.8605,2.277,2.5184,-0.2414,5.5373,3.1578,2.3795,2.5911,0.0,back-constructed
2026-07-12T01:53:23,2026-07-02,24.0,5.1513,2.87,2.2813,2.5217,-0.2404,5.4671,3.088,2.3791,2.5971,0.0,back-constructed
2026-07-12T01:53:23,2026-07-02,25.0,5.1607,2.876,2.2847,2.5249,-0.2402,5.3869,3.0205,2.3665,2.6027,0.0,back-constructed
2026-07-12T01:53:23,2026-07-02,26.0,5.166,2.8792,2.2868,2.5281,-0.2413,5.2979,2.9587,2.3392,2.608,0.0,back-constructed
2026-07-12T01:53:23,2026-07-02,27.0,5.1673,2.8802,2.2871,2.5313,-0.2442,5.2008,2.9062,2.2947,2.6129,0.0,back-constructed
2026-07-12T01:53:23,2026-07-02,28.0,5.1648,2.8797,2.2851,2.5344,-0.2493,5.0968,2.8658,2.231,2.6175,0.0,back-constructed
2026-07-12T01:53:23,2026-07-02,29.0,5.1586,2.8783,2.2803,2.5374,-0.257,4.9867,2.8394,2.1473,2.6218,0.0,back-constructed
2026-07-12T01:53:23,2026-07-02,30.0,5.149,2.8766,2.2725,2.5403,-0.2678,4.8713,2.8265,2.0448,2.6259,0.0,back-constructed
2026-07-12T06:36:43,2026-07-02,1.0,4.0552,1.7752,2.28,3.0192,-0.7392,4.0552,1.7752,2.28,3.0192,0.0,front-constructed
2026-07-12T06:36:43,2026-07-02,2.0,4.0782,1.826,2.2522,2.7498,-0.4976,4.1012,1.8768,2.2244,2.4804,1.0,observed
2026-07-12T06:36:43,2026-07-02,3.0,4.1153,1.8743,2.241,2.6383,-0.3973,4.1896,1.9709,2.2187,2.4153,1.0,observed
2026-07-12T06:36:43,2026-07-02,4.0,4.1634,1.921,2.2425,2.5781,-0.3357,4.3077,2.061,2.2468,2.3977,1.0,observed
2026-07-12T06:36:43,2026-07-02,5.0,4.2198,1.9683,2.2515,2.5422,-0.2907,4.4452,2.1575,2.2877,2.3983,1.0,observed
2026-07-12T06:36:43,2026-07-02,6.0,4.2821,2.0187,2.2634,2.5197,-0.2564,4.5935,2.2709,2.3226,2.4075,1.0,observed
2026-07-12T06:36:43,2026-07-02,7.0,4.3483,2.074,2.2743,2.5056,-0.2313,4.7455,2.4057,2.3398,2.4206,1.0,observed
2026-07-12T06:36:43,2026-07-02,8.0,4.4167,2.1346,2.282,2.4967,-0.2147,4.8956,2.5592,2.3364,2.435,1.0,observed
2026-07-12T06:36:43,2026-07-02,9.0,4.4859,2.2001,2.2858,2.4915,-0.2057,5.0394,2.7237,2.3157,2.4498,1.0,observed
2026-07-12T06:36:43,2026-07-02,10.0,4.5546,2.269,2.2857,2.4888,-0.2031,5.1734,2.8888,2.2846,2.4642,1.0,observed
2026-07-12T06:36:43,2026-07-02,11.0,4.622,2.3394,2.2825,2.4878,-0.2053,5.2951,3.0441,2.251,2.478,1.0,observed
2026-07-12T06:36:43,2026-07-02,12.0,4.687,2.4095,2.2775,2.4881,-0.2106,5.4025,3.1807,2.2218,2.491,1.0,observed
2026-07-12T06:36:43,2026-07-02,13.0,4.7491,2.4774,2.2716,2.4893,-0.2176,5.4943,3.2924,2.2019,2.5033,1.0,observed
2026-07-12T06:36:43,2026-07-02,14.0,4.8077,2.5416,2.2661,2.4911,-0.225,5.5697,3.3757,2.194,2.5149,1.0,observed
2026-07-12T06:36:43,2026-07-02,15.0,4.8624,2.6008,2.2616,2.4934,-0.2318,5.6285,3.4299,2.1985,2.5258,1.0,observed
2026-07-12T06:36:43,2026-07-02,16.0,4.9129,2.6543,2.2586,2.4961,-0.2374,5.6704,3.4562,2.2142,2.5359,1.0,observed
2026-07-12T06:36:43,2026-07-02,17.0,4.959,2.7015,2.2574,2.499,-0.2415,5.6959,3.4575,2.2384,2.5455,1.0,observed
2026-07-12T06:36:43,2026-07-02,18.0,5.0004,2.7424,2.258,2.502,-0.244,5.7053,3.4375,2.2678,2.5544,1.0,observed
2026-07-12T06:36:43,2026-07-02,19.0,5.0372,2.7771,2.2602,2.5052,-0.2451,5.6992,3.4005,2.2987,2.5627,1.0,observed
2026-07-12T06:36:43,2026-07-02,20.0,5.0693,2.8058,2.2635,2.5085,-0.245,5.6785,3.3509,2.3276,2.5705,1.0,observed
2026-07-12T06:36:43,2026-07-02,21.0,5.0967,2.8289,2.2677,2.5118,-0.2441,5.644,3.292,2.352,2.5778,0.0,back-constructed
2026-07-12T06:36:43,2026-07-02,22.0,5.1194,2.847,2.2724,2.5151,-0.2427,5.5966,3.2268,2.3698,2.5847,0.0,back-constructed
2026-07-12T06:36:43,2026-07-02,23.0,5.1375,2.8605,2.277,2.5184,-0.2414,5.5373,3.1578,2.3795,2.5911,0.0,back-constructed
2026-07-12T06:36:43,2026-07-02,24.0,5.1513,2.87,2.2813,2.5217,-0.2404,5.4671,3.088,2.3791,2.5971,0.0,back-constructed
2026-07-12T06:36:43,2026-07-02,25.0,5.1607,2.876,2.2847,2.5249,-0.2402,5.3869,3.0205,2.3665,2.6027,0.0,back-constructed
2026-07-12T06:36:43,2026-07-02,26.0,5.166,2.8792,2.2868,2.5281,-0.2413,5.2979,2.9587,2.3392,2.608,0.0,back-constructed
2026-07-12T06:36:43,2026-07-02,27.0,5.1673,2.8802,2.2871,2.5313,-0.2442,5.2008,2.9062,2.2947,2.6129,0.0,back-constructed
2026-07-12T06:36:43,2026-07-02,28.0,5.1648,2.8797,2.2851,2.5344,-0.2493,5.0968,2.8658,2.231,2.6175,0.0,back-constructed
2026-07-12T06:36:43,2026-07-02,29.0,5.1586,2.8783,2.2803,2.5374,-0.257,4.9867,2.8394,2.1473,2.6218,0.0,back-constructed
2026-07-12T06:36:43,2026-07-02,30.0,5.149,2.8766,2.2725,2.5403,-0.2678,4.8713,2.8265,2.0448,2.6259,0.0,back-constructed
2026-07-13T03:16:11,2026-07-09,1.0,4.1152,1.777,2.3382,3.0192,-0.681,4.1152,1.777,2.3382,3.0192,0.0,front-constructed
2026-07-13T03:16:11,2026-07-09,2.0,4.0982,1.8301,2.2681,2.7498,-0.4817,4.0812,1.8833,2.1979,2.4804,1.0,observed
2026-07-13T03:16:11,2026-07-09,3.0,4.1353,1.8812,2.2542,2.6383,-0.3841,4.2096,1.9832,2.2263,2.4153,1.0,observed
2026-07-13T03:16:11,2026-07-09,4.0,4.1934,1.9313,2.2621,2.5781,-0.316,4.3677,2.0818,2.286,2.3977,1.0,observed
2026-07-13T03:16:11,2026-07-09,5.0,4.2598,1.9831,2.2767,2.5422,-0.2655,4.5252,2.1902,2.335,2.3983,1.0,observed
2026-07-13T03:16:11,2026-07-09,6.0,4.3271,2.0391,2.288,2.5197,-0.2317,4.6635,2.3189,2.3446,2.4075,1.0,observed
2026-07-13T03:16:11,2026-07-09,7.0,4.3983,2.1005,2.2977,2.5056,-0.2078,4.8255,2.4693,2.3562,2.4206,1.0,observed
2026-07-13T03:16:11,2026-07-09,8.0,4.4667,2.1674,2.2993,2.4967,-0.1975,4.9456,2.6356,2.31,2.435,1.0,observed
2026-07-13T03:16:11,2026-07-09,9.0,4.5359,2.2387,2.2972,2.4915,-0.1943,5.0894,2.8088,2.2806,2.4498,1.0,observed
2026-07-13T03:16:11,2026-07-09,10.0,4.6046,2.3126,2.292,2.4888,-0.1967,5.2234,2.9779,2.2456,2.4642,1.0,observed
2026-07-13T03:16:11,2026-07-09,11.0,4.674,2.3871,2.2868,2.4878,-0.201,5.3671,3.1327,2.2344,2.478,1.0,observed
2026-07-13T03:16:11,2026-07-09,12.0,4.741,2.4604,2.2806,2.4881,-0.2075,5.4785,3.2663,2.2121,2.491,1.0,observed
2026-07-13T03:16:11,2026-07-09,13.0,4.8051,2.5307,2.2744,2.4893,-0.2149,5.5743,3.374,2.2003,2.5033,1.0,observed
2026-07-13T03:16:11,2026-07-09,14.0,4.8657,2.5966,2.2691,2.4911,-0.222,5.6537,3.4534,2.2003,2.5149,1.0,observed
2026-07-13T03:16:11,2026-07-09,15.0,4.9224,2.6571,2.2653,2.4934,-0.2281,5.7165,3.5043,2.2122,2.5258,1.0,observed
2026-07-13T03:16:11,2026-07-09,16.0,4.9749,2.7115,2.2634,2.4961,-0.2327,5.7624,3.528,2.2345,2.5359,1.0,observed
2026-07-13T03:16:11,2026-07-09,17.0,5.023,2.7595,2.2635,2.499,-0.2355,5.7919,3.5271,2.2647,2.5455,1.0,observed
2026-07-13T03:16:11,2026-07-09,18.0,5.0664,2.8009,2.2655,2.502,-0.2365,5.8053,3.5052,2.3001,2.5544,1.0,observed
2026-07-13T03:16:11,2026-07-09,19.0,5.1052,2.8359,2.2693,2.5052,-0.236,5.8032,3.466,2.3373,2.5627,1.0,observed
2026-07-13T03:16:11,2026-07-09,20.0,5.1393,2.8648,2.2745,2.5085,-0.234,5.7865,3.4135,2.373,2.5705,1.0,observed
2026-07-13T03:16:11,2026-07-09,21.0,5.1667,2.888,2.2787,2.5118,-0.2331,5.714,3.3513,2.3627,2.5778,0.0,back-constructed
2026-07-13T03:16:11,2026-07-09,22.0,5.1894,2.9059,2.2834,2.5151,-0.2317,5.6666,3.2827,2.3839,2.5847,0.0,back-constructed
2026-07-13T03:16:11,2026-07-09,23.0,5.2075,2.9192,2.2884,2.5184,-0.23,5.6073,3.2106,2.3967,2.5911,0.0,back-constructed
2026-07-13T03:16:11,2026-07-09,24.0,5.2213,2.9283,2.293,2.5217,-0.2287,5.5371,3.1379,2.3992,2.5971,0.0,back-constructed
2026-07-13T03:16:11,2026-07-09,25.0,5.2307,2.9339,2.2968,2.5249,-0.2281,5.4569,3.0678,2.3891,2.6027,0.0,back-constructed
2026-07-13T03:16:11,2026-07-09,26.0,5.236,2.9366,2.2994,2.5281,-0.2287,5.3679,3.0039,2.364,2.608,0.0,back-constructed
2026-07-13T03:16:11,2026-07-09,27.0,5.2373,2.937,2.3002,2.5313,-0.231,5.2708,2.9495,2.3213,2.6129,0.0,back-constructed
2026-07-13T03:16:11,2026-07-09,28.0,5.2348,2.936,2.2988,2.5344,-0.2356,5.1668,2.9076,2.2592,2.6175,0.0,back-constructed
2026-07-13T03:16:11,2026-07-09,29.0,5.2286,2.9341,2.2946,2.5374,-0.2428,5.0567,2.8799,2.1768,2.6218,0.0,back-constructed
2026-07-13T03:16:11,2026-07-09,30.0,5.219,2.9318,2.2873,2.5403,-0.2531,4.9413,2.8658,2.0755,2.6259,0.0,back-constructed
2026-07-13T14:43:48,2026-07-09,1.0,4.1152,1.777,2.3382,3.0192,-0.681,4.1152,1.777,2.3382,3.0192,0.0,front-constructed
2026-07-13T14:43:48,2026-07-09,2.0,4.0982,1.8301,2.2681,2.7498,-0.4817,4.0812,1.8833,2.1979,2.4804,1.0,observed
2026-07-13T14:43:48,2026-07-09,3.0,4.1353,1.8812,2.2542,2.6383,-0.3841,4.2096,1.9832,2.2263,2.4153,1.0,observed
2026-07-13T14:43:48,2026-07-09,4.0,4.1934,1.9313,2.2621,2.5781,-0.316,4.3677,2.0818,2.286,2.3977,1.0,observed
2026-07-13T14:43:48,2026-07-09,5.0,4.2598,1.9831,2.2767,2.5422,-0.2655,4.5252,2.1902,2.335,2.3983,1.0,observed
2026-07-13T14:43:48,2026-07-09,6.0,4.3271,2.0391,2.288,2.5197,-0.2317,4.6635,2.3189,2.3446,2.4075,1.0,observed
2026-07-13T14:43:48,2026-07-09,7.0,4.3983,2.1005,2.2977,2.5056,-0.2078,4.8255,2.4693,2.3562,2.4206,1.0,observed
2026-07-13T14:43:48,2026-07-09,8.0,4.4667,2.1674,2.2993,2.4967,-0.1975,4.9456,2.6356,2.31,2.435,1.0,observed
2026-07-13T14:43:48,2026-07-09,9.0,4.5359,2.2387,2.2972,2.4915,-0.1943,5.0894,2.8088,2.2806,2.4498,1.0,observed
2026-07-13T14:43:48,2026-07-09,10.0,4.6046,2.3126,2.292,2.4888,-0.1967,5.2234,2.9779,2.2456,2.4642,1.0,observed
2026-07-13T14:43:48,2026-07-09,11.0,4.674,2.3871,2.2868,2.4878,-0.201,5.3671,3.1327,2.2344,2.478,1.0,observed
2026-07-13T14:43:48,2026-07-09,12.0,4.741,2.4604,2.2806,2.4881,-0.2075,5.4785,3.2663,2.2121,2.491,1.0,observed
2026-07-13T14:43:48,2026-07-09,13.0,4.8051,2.5307,2.2744,2.4893,-0.2149,5.5743,3.374,2.2003,2.5033,1.0,observed
2026-07-13T14:43:48,2026-07-09,14.0,4.8657,2.5966,2.2691,2.4911,-0.222,5.6537,3.4534,2.2003,2.5149,1.0,observed
2026-07-13T14:43:48,2026-07-09,15.0,4.9224,2.6571,2.2653,2.4934,-0.2281,5.7165,3.5043,2.2122,2.5258,1.0,observed
2026-07-13T14:43:48,2026-07-09,16.0,4.9749,2.7115,2.2634,2.4961,-0.2327,5.7624,3.528,2.2345,2.5359,1.0,observed
2026-07-13T14:43:48,2026-07-09,17.0,5.023,2.7595,2.2635,2.499,-0.2355,5.7919,3.5271,2.2647,2.5455,1.0,observed
2026-07-13T14:43:48,2026-07-09,18.0,5.0664,2.8009,2.2655,2.502,-0.2365,5.8053,3.5052,2.3001,2.5544,1.0,observed
2026-07-13T14:43:48,2026-07-09,19.0,5.1052,2.8359,2.2693,2.5052,-0.236,5.8032,3.466,2.3373,2.5627,1.0,observed
2026-07-13T14:43:48,2026-07-09,20.0,5.1393,2.8648,2.2745,2.5085,-0.234,5.7865,3.4135,2.373,2.5705,1.0,observed
2026-07-13T14:43:48,2026-07-09,21.0,5.1667,2.888,2.2787,2.5118,-0.2331,5.714,3.3513,2.3627,2.5778,0.0,back-constructed
2026-07-13T14:43:48,2026-07-09,22.0,5.1894,2.9059,2.2834,2.5151,-0.2317,5.6666,3.2827,2.3839,2.5847,0.0,back-constructed
2026-07-13T14:43:48,2026-07-09,23.0,5.2075,2.9192,2.2884,2.5184,-0.23,5.6073,3.2106,2.3967,2.5911,0.0,back-constructed
2026-07-13T14:43:48,2026-07-09,24.0,5.2213,2.9283,2.293,2.5217,-0.2287,5.5371,3.1379,2.3992,2.5971,0.0,back-constructed
2026-07-13T14:43:48,2026-07-09,25.0,5.2307,2.9339,2.2968,2.5249,-0.2281,5.4569,3.0678,2.3891,2.6027,0.0,back-constructed
2026-07-13T14:43:48,2026-07-09,26.0,5.236,2.9366,2.2994,2.5281,-0.2287,5.3679,3.0039,2.364,2.608,0.0,back-constructed
2026-07-13T14:43:48,2026-07-09,27.0,5.2373,2.937,2.3002,2.5313,-0.231,5.2708,2.9495,2.3213,2.6129,0.0,back-constructed
2026-07-13T14:43:48,2026-07-09,28.0,5.2348,2.936,2.2988,2.5344,-0.2356,5.1668,2.9076,2.2592,2.6175,0.0,back-constructed
2026-07-13T14:43:48,2026-07-09,29.0,5.2286,2.9341,2.2946,2.5374,-0.2428,5.0567,2.8799,2.1768,2.6218,0.0,back-constructed
2026-07-13T14:43:48,2026-07-09,30.0,5.219,2.9318,2.2873,2.5403,-0.2531,4.9413,2.8658,2.0755,2.6259,0.0,back-constructed
2026-07-13T17:19:19,2026-07-09,1.0,4.1152,1.777,2.3382,3.0192,-0.681,4.1152,1.777,2.3382,3.0192,0.0,front-constructed
2026-07-13T17:19:19,2026-07-09,2.0,4.0982,1.8301,2.2681,2.7498,-0.4817,4.0812,1.8833,2.1979,2.4804,1.0,observed
2026-07-13T17:19:19,2026-07-09,3.0,4.1353,1.8812,2.2542,2.6383,-0.3841,4.2096,1.9832,2.2263,2.4153,1.0,observed
2026-07-13T17:19:19,2026-07-09,4.0,4.1934,1.9313,2.2621,2.5781,-0.316,4.3677,2.0818,2.286,2.3977,1.0,observed
2026-07-13T17:19:19,2026-07-09,5.0,4.2598,1.9831,2.2767,2.5422,-0.2655,4.5252,2.1902,2.335,2.3983,1.0,observed
2026-07-13T17:19:19,2026-07-09,6.0,4.3271,2.0391,2.288,2.5197,-0.2317,4.6635,2.3189,2.3446,2.4075,1.0,observed
2026-07-13T17:19:19,2026-07-09,7.0,4.3983,2.1005,2.2977,2.5056,-0.2078,4.8255,2.4693,2.3562,2.4206,1.0,observed
2026-07-13T17:19:19,2026-07-09,8.0,4.4667,2.1674,2.2993,2.4967,-0.1975,4.9456,2.6356,2.31,2.435,1.0,observed
2026-07-13T17:19:19,2026-07-09,9.0,4.5359,2.2387,2.2972,2.4915,-0.1943,5.0894,2.8088,2.2806,2.4498,1.0,observed
2026-07-13T17:19:19,2026-07-09,10.0,4.6046,2.3126,2.292,2.4888,-0.1967,5.2234,2.9779,2.2456,2.4642,1.0,observed
2026-07-13T17:19:19,2026-07-09,11.0,4.674,2.3871,2.2868,2.4878,-0.201,5.3671,3.1327,2.2344,2.478,1.0,observed
2026-07-13T17:19:19,2026-07-09,12.0,4.741,2.4604,2.2806,2.4881,-0.2075,5.4785,3.2663,2.2121,2.491,1.0,observed
2026-07-13T17:19:19,2026-07-09,13.0,4.8051,2.5307,2.2744,2.4893,-0.2149,5.5743,3.374,2.2003,2.5033,1.0,observed
2026-07-13T17:19:19,2026-07-09,14.0,4.8657,2.5966,2.2691,2.4911,-0.222,5.6537,3.4534,2.2003,2.5149,1.0,observed
2026-07-13T17:19:19,2026-07-09,15.0,4.9224,2.6571,2.2653,2.4934,-0.2281,5.7165,3.5043,2.2122,2.5258,1.0,observed
2026-07-13T17:19:19,2026-07-09,16.0,4.9749,2.7115,2.2634,2.4961,-0.2327,5.7624,3.528,2.2345,2.5359,1.0,observed
2026-07-13T17:19:19,2026-07-09,17.0,5.023,2.7595,2.2635,2.499,-0.2355,5.7919,3.5271,2.2647,2.5455,1.0,observed
2026-07-13T17:19:19,2026-07-09,18.0,5.0664,2.8009,2.2655,2.502,-0.2365,5.8053,3.5052,2.3001,2.5544,1.0,observed
2026-07-13T17:19:19,2026-07-09,19.0,5.1052,2.8359,2.2693,2.5052,-0.236,5.8032,3.466,2.3373,2.5627,1.0,observed
2026-07-13T17:19:19,2026-07-09,20.0,5.1393,2.8648,2.2745,2.5085,-0.234,5.7865,3.4135,2.373,2.5705,1.0,observed
2026-07-13T17:19:19,2026-07-09,21.0,5.1667,2.888,2.2787,2.5118,-0.2331,5.714,3.3513,2.3627,2.5778,0.0,back-constructed
2026-07-13T17:19:19,2026-07-09,22.0,5.1894,2.9059,2.2834,2.5151,-0.2317,5.6666,3.2827,2.3839,2.5847,0.0,back-constructed
2026-07-13T17:19:19,2026-07-09,23.0,5.2075,2.9192,2.2884,2.5184,-0.23,5.6073,3.2106,2.3967,2.5911,0.0,back-constructed
2026-07-13T17:19:19,2026-07-09,24.0,5.2213,2.9283,2.293,2.5217,-0.2287,5.5371,3.1379,2.3992,2.5971,0.0,back-constructed
2026-07-13T17:19:19,2026-07-09,25.0,5.2307,2.9339,2.2968,2.5249,-0.2281,5.4569,3.0678,2.3891,2.6027,0.0,back-constructed
2026-07-13T17:19:19,2026-07-09,26.0,5.236,2.9366,2.2994,2.5281,-0.2287,5.3679,3.0039,2.364,2.608,0.0,back-constructed
2026-07-13T17:19:19,2026-07-09,27.0,5.2373,2.937,2.3002,2.5313,-0.231,5.2708,2.9495,2.3213,2.6129,0.0,back-constructed
2026-07-13T17:19:19,2026-07-09,28.0,5.2348,2.936,2.2988,2.5344,-0.2356,5.1668,2.9076,2.2592,2.6175,0.0,back-constructed
2026-07-13T17:19:19,2026-07-09,29.0,5.2286,2.9341,2.2946,2.5374,-0.2428,5.0567,2.8799,2.1768,2.6218,0.0,back-constructed
2026-07-13T17:19:19,2026-07-09,30.0,5.219,2.9318,2.2873,2.5403,-0.2531,4.9413,2.8658,2.0755,2.6259,0.0,back-constructed
2026-07-14T13:53:46,2026-07-10,1.0,4.1552,1.8115,2.3437,3.0192,-0.6755,4.1552,1.8115,2.3437,3.0192,0.0,front-constructed
2026-07-14T13:53:46,2026-07-10,2.0,4.1482,1.8626,2.2856,2.7498,-0.4642,4.1412,1.9137,2.2275,2.4804,1.0,observed
2026-07-14T13:53:46,2026-07-10,3.0,4.1753,1.9115,2.2638,2.6383,-0.3745,4.2296,2.0094,2.2202,2.4153,1.0,observed
2026-07-14T13:53:46,2026-07-10,4.0,4.2284,1.9595,2.269,2.5781,-0.3092,4.3877,2.1033,2.2845,2.3977,1.0,observed
2026-07-14T13:53:46,2026-07-10,5.0,4.2898,2.0088,2.281,2.5422,-0.2612,4.5352,2.2063,2.329,2.3983,1.0,observed
2026-07-14T13:53:46,2026-07-10,6.0,4.3521,2.0621,2.2899,2.5197,-0.2298,4.6635,2.3287,2.3348,2.4075,1.0,observed
2026-07-14T13:53:46,2026-07-10,7.0,4.4183,2.1208,2.2975,2.5056,-0.2081,4.8155,2.4726,2.3428,2.4206,1.0,observed
2026-07-14T13:53:46,2026-07-10,8.0,4.4867,2.1849,2.3018,2.4967,-0.1949,4.9656,2.6333,2.3323,2.435,1.0,observed
2026-07-14T13:53:46,2026-07-10,9.0,4.5559,2.2534,2.3024,2.4915,-0.1891,5.1094,2.8022,2.3072,2.4498,1.0,observed
2026-07-14T13:53:46,2026-07-10,10.0,4.6246,2.325,2.2997,2.4888,-0.1891,5.2434,2.9685,2.2749,2.4642,1.0,observed
2026-07-14T13:53:46,2026-07-10,11.0,4.694,2.3974,2.2965,2.4878,-0.1913,5.3871,3.1222,2.2649,2.478,1.0,observed
2026-07-14T13:53:46,2026-07-10,12.0,4.761,2.469,2.292,2.4881,-0.196,5.4985,3.2557,2.2428,2.491,1.0,observed
2026-07-14T13:53:46,2026-07-10,13.0,4.8251,2.5378,2.2873,2.4893,-0.2019,5.5943,3.3635,2.2308,2.5033,1.0,observed
2026-07-14T13:53:46,2026-07-10,14.0,4.8857,2.6024,2.2833,2.4911,-0.2078,5.6737,3.4429,2.2308,2.5149,1.0,observed
2026-07-14T13:53:46,2026-07-10,15.0,4.9424,2.6618,2.2806,2.4934,-0.2128,5.7365,3.4934,2.2431,2.5258,1.0,observed
2026-07-14T13:53:46,2026-07-10,16.0,4.9949,2.7152,2.2797,2.4961,-0.2163,5.7824,3.5161,2.2663,2.5359,1.0,observed
2026-07-14T13:53:46,2026-07-10,17.0,5.043,2.7622,2.2808,2.499,-0.2182,5.8119,3.5136,2.2983,2.5455,1.0,observed
2026-07-14T13:53:46,2026-07-10,18.0,5.0864,2.8026,2.2839,2.502,-0.2182,5.8253,3.4893,2.336,2.5544,1.0,observed
2026-07-14T13:53:46,2026-07-10,19.0,5.1252,2.8365,2.2887,2.5052,-0.2165,5.8232,3.447,2.3762,2.5627,1.0,observed
2026-07-14T13:53:46,2026-07-10,20.0,5.1593,2.8642,2.2951,2.5085,-0.2134,5.8065,3.3911,2.4155,2.5705,1.0,observed
2026-07-14T13:53:46,2026-07-10,21.0,5.1857,2.8862,2.2995,2.5118,-0.2123,5.713,3.3249,2.3881,2.5778,0.0,back-constructed
2026-07-14T13:53:46,2026-07-10,22.0,5.2074,2.9028,2.3046,2.5151,-0.2105,5.6636,3.2523,2.4113,2.5847,0.0,back-constructed
2026-07-14T13:53:46,2026-07-10,23.0,5.2245,2.9147,2.3099,2.5184,-0.2085,5.6023,3.1761,2.4262,2.5911,0.0,back-constructed
2026-07-14T13:53:46,2026-07-10,24.0,5.2373,2.9224,2.3149,2.5217,-0.2068,5.5301,3.0995,2.4306,2.5971,0.0,back-constructed
2026-07-14T13:53:46,2026-07-10,25.0,5.2457,2.9265,2.3192,2.5249,-0.2057,5.4479,3.0257,2.4223,2.6027,0.0,back-constructed
2026-07-14T13:53:46,2026-07-10,26.0,5.25,2.9277,2.3223,2.5281,-0.2059,5.3569,2.9581,2.3987,2.608,0.0,back-constructed
2026-07-14T13:53:46,2026-07-10,27.0,5.2503,2.9267,2.3236,2.5313,-0.2077,5.2578,2.9003,2.3575,2.6129,0.0,back-constructed
2026-07-14T13:53:46,2026-07-10,28.0,5.2468,2.9242,2.3226,2.5344,-0.2118,5.1518,2.8551,2.2967,2.6175,0.0,back-constructed
2026-07-14T13:53:46,2026-07-10,29.0,5.2396,2.9207,2.3189,2.5374,-0.2185,5.0397,2.8243,2.2154,2.6218,0.0,back-constructed
2026-07-14T13:53:46,2026-07-10,30.0,5.229,2.9169,2.3121,2.5403,-0.2282,4.9223,2.8071,2.1151,2.6259,0.0,back-constructed
2026-07-15T13:51:24,2026-07-13,1.0,4.159,1.9434,2.2156,2.3867,-0.171,4.159,1.9434,2.2156,2.3867,0.0,front-constructed
2026-07-15T13:51:24,2026-07-13,2.0,4.183,1.9679,2.2151,2.4354,-0.2203,4.207,1.9925,2.2145,2.4842,1.0,observed
2026-07-15T13:51:24,2026-07-13,3.0,4.2586,1.9931,2.2654,2.4341,-0.1687,4.4097,2.0436,2.3661,2.4314,1.0,observed
2026-07-15T13:51:24,2026-07-13,4.0,4.308,2.0217,2.2863,2.4284,-0.142,4.4565,2.1074,2.349,2.4112,1.0,observed
2026-07-15T13:51:24,2026-07-13,5.0,4.3641,2.0567,2.3074,2.4247,-0.1172,4.5883,2.1964,2.3919,2.4099,1.0,observed
2026-07-15T13:51:24,2026-07-13,6.0,4.4247,2.1005,2.3242,2.4235,-0.0993,4.7279,2.3196,2.4083,2.4178,1.0,observed
2026-07-15T13:51:24,2026-07-13,7.0,4.4882,2.154,2.3342,2.4244,-0.0902,4.8692,2.4751,2.3941,2.4299,1.0,observed
2026-07-15T13:51:24,2026-07-13,8.0,4.5581,2.2164,2.3417,2.4268,-0.0851,5.0474,2.6533,2.3941,2.4436,1.0,observed
2026-07-15T13:51:24,2026-07-13,9.0,4.6282,2.2858,2.3424,2.4303,-0.0879,5.1886,2.8407,2.3479,2.4578,1.0,observed
2026-07-15T13:51:24,2026-07-13,10.0,4.6973,2.3595,2.3378,2.4344,-0.0966,5.3198,3.023,2.2968,2.4716,1.0,observed
2026-07-15T13:51:24,2026-07-13,11.0,4.7617,2.4348,2.3269,2.439,-0.1121,5.4058,3.188,2.2178,2.4849,1.0,observed
2026-07-15T13:51:24,2026-07-13,12.0,4.8237,2.5091,2.3145,2.4439,-0.1293,5.5049,3.3269,2.178,2.4975,1.0,observed
2026-07-15T13:51:24,2026-07-13,13.0,4.8825,2.5803,2.3022,2.4489,-0.1467,5.589,3.4347,2.1543,2.5094,1.0,observed
2026-07-15T13:51:24,2026-07-13,14.0,4.9379,2.6467,2.2912,2.454,-0.1629,5.6574,3.5098,2.1476,2.5206,1.0,observed
2026-07-15T13:51:24,2026-07-13,15.0,4.9894,2.7072,2.2822,2.4592,-0.177,5.7099,3.5536,2.1563,2.5311,1.0,observed
2026-07-15T13:51:24,2026-07-13,16.0,5.0367,2.7611,2.2756,2.4643,-0.1887,5.7463,3.5694,2.1769,2.5409,1.0,observed
2026-07-15T13:51:24,2026-07-13,17.0,5.0796,2.8082,2.2714,2.4693,-0.1979,5.767,3.562,2.205,2.5501,1.0,observed
2026-07-15T13:51:24,2026-07-13,18.0,5.1181,2.8487,2.2694,2.4743,-0.2048,5.7722,3.5366,2.2356,2.5587,1.0,observed
2026-07-15T13:51:24,2026-07-13,19.0,5.152,2.8829,2.2692,2.4792,-0.21,5.7627,3.4986,2.2641,2.5668,1.0,observed
2026-07-15T13:51:24,2026-07-13,20.0,5.1814,2.9113,2.27,2.4839,-0.2139,5.7391,3.4522,2.2869,2.5743,1.0,observed
2026-07-15T13:51:24,2026-07-13,21.0,5.2102,2.9346,2.2756,2.4886,-0.213,5.7862,3.4004,2.3858,2.5814,0.0,back-constructed
2026-07-15T13:51:24,2026-07-13,22.0,5.2345,2.9532,2.2812,2.4931,-0.2118,5.7448,3.3442,2.4006,2.588,0.0,back-constructed
2026-07-15T13:51:24,2026-07-13,23.0,5.2544,2.9677,2.2867,2.4975,-0.2108,5.6918,3.2854,2.4064,2.5942,0.0,back-constructed
2026-07-15T13:51:24,2026-07-13,24.0,5.2699,2.9785,2.2915,2.5018,-0.2103,5.6281,3.2263,2.4018,2.6,0.0,back-constructed
2026-07-15T13:51:24,2026-07-13,25.0,5.2813,2.9861,2.2952,2.5059,-0.2107,5.5548,3.1694,2.3853,2.6055,0.0,back-constructed
2026-07-15T13:51:24,2026-07-13,26.0,5.2887,2.9912,2.2975,2.5099,-0.2124,5.4726,3.1177,2.3549,2.6105,0.0,back-constructed
2026-07-15T13:51:24,2026-07-13,27.0,5.2922,2.9942,2.2979,2.5138,-0.2159,5.3824,3.0742,2.3083,2.6153,0.0,back-constructed
2026-07-15T13:51:24,2026-07-13,28.0,5.2919,2.9959,2.296,2.5176,-0.2216,5.2853,3.0416,2.2436,2.6198,0.0,back-constructed
2026-07-15T13:51:24,2026-07-13,29.0,5.2881,2.9968,2.2913,2.5213,-0.23,5.1819,3.0217,2.1602,2.6239,0.0,back-constructed
2026-07-15T13:51:24,2026-07-13,30.0,5.281,2.9974,2.2836,2.5248,-0.2413,5.0732,3.0142,2.059,2.6278,0.0,back-constructed
2026-07-15T17:16:32,2026-07-13,1.0,4.159,1.9434,2.2156,2.3867,-0.171,4.159,1.9434,2.2156,2.3867,0.0,front-constructed
2026-07-15T17:16:32,2026-07-13,2.0,4.183,1.9679,2.2151,2.4354,-0.2203,4.207,1.9925,2.2145,2.4842,1.0,observed
2026-07-15T17:16:32,2026-07-13,3.0,4.2586,1.9931,2.2654,2.4341,-0.1687,4.4097,2.0436,2.3661,2.4314,1.0,observed
2026-07-15T17:16:32,2026-07-13,4.0,4.308,2.0217,2.2863,2.4284,-0.142,4.4565,2.1074,2.349,2.4112,1.0,observed
2026-07-15T17:16:32,2026-07-13,5.0,4.3641,2.0567,2.3074,2.4247,-0.1172,4.5883,2.1964,2.3919,2.4099,1.0,observed
2026-07-15T17:16:32,2026-07-13,6.0,4.4247,2.1005,2.3242,2.4235,-0.0993,4.7279,2.3196,2.4083,2.4178,1.0,observed
2026-07-15T17:16:32,2026-07-13,7.0,4.4882,2.154,2.3342,2.4244,-0.0902,4.8692,2.4751,2.3941,2.4299,1.0,observed
2026-07-15T17:16:32,2026-07-13,8.0,4.5581,2.2164,2.3417,2.4268,-0.0851,5.0474,2.6533,2.3941,2.4436,1.0,observed
2026-07-15T17:16:32,2026-07-13,9.0,4.6282,2.2858,2.3424,2.4303,-0.0879,5.1886,2.8407,2.3479,2.4578,1.0,observed
2026-07-15T17:16:32,2026-07-13,10.0,4.6973,2.3595,2.3378,2.4344,-0.0966,5.3198,3.023,2.2968,2.4716,1.0,observed
2026-07-15T17:16:32,2026-07-13,11.0,4.7617,2.4348,2.3269,2.439,-0.1121,5.4058,3.188,2.2178,2.4849,1.0,observed
2026-07-15T17:16:32,2026-07-13,12.0,4.8237,2.5091,2.3145,2.4439,-0.1293,5.5049,3.3269,2.178,2.4975,1.0,observed
2026-07-15T17:16:32,2026-07-13,13.0,4.8825,2.5803,2.3022,2.4489,-0.1467,5.589,3.4347,2.1543,2.5094,1.0,observed
2026-07-15T17:16:32,2026-07-13,14.0,4.9379,2.6467,2.2912,2.454,-0.1629,5.6574,3.5098,2.1476,2.5206,1.0,observed
2026-07-15T17:16:32,2026-07-13,15.0,4.9894,2.7072,2.2822,2.4592,-0.177,5.7099,3.5536,2.1563,2.5311,1.0,observed
2026-07-15T17:16:32,2026-07-13,16.0,5.0367,2.7611,2.2756,2.4643,-0.1887,5.7463,3.5694,2.1769,2.5409,1.0,observed
2026-07-15T17:16:32,2026-07-13,17.0,5.0796,2.8082,2.2714,2.4693,-0.1979,5.767,3.562,2.205,2.5501,1.0,observed
2026-07-15T17:16:32,2026-07-13,18.0,5.1181,2.8487,2.2694,2.4743,-0.2048,5.7722,3.5366,2.2356,2.5587,1.0,observed
2026-07-15T17:16:32,2026-07-13,19.0,5.152,2.8829,2.2692,2.4792,-0.21,5.7627,3.4986,2.2641,2.5668,1.0,observed
2026-07-15T17:16:32,2026-07-13,20.0,5.1814,2.9113,2.27,2.4839,-0.2139,5.7391,3.4522,2.2869,2.5743,1.0,observed
2026-07-15T17:16:32,2026-07-13,21.0,5.2102,2.9346,2.2756,2.4886,-0.213,5.7862,3.4004,2.3858,2.5814,0.0,back-constructed
2026-07-15T17:16:32,2026-07-13,22.0,5.2345,2.9532,2.2812,2.4931,-0.2118,5.7448,3.3442,2.4006,2.588,0.0,back-constructed
2026-07-15T17:16:32,2026-07-13,23.0,5.2544,2.9677,2.2867,2.4975,-0.2108,5.6918,3.2854,2.4064,2.5942,0.0,back-constructed
2026-07-15T17:16:32,2026-07-13,24.0,5.2699,2.9785,2.2915,2.5018,-0.2103,5.6281,3.2263,2.4018,2.6,0.0,back-constructed
2026-07-15T17:16:32,2026-07-13,25.0,5.2813,2.9861,2.2952,2.5059,-0.2107,5.5548,3.1694,2.3853,2.6055,0.0,back-constructed
2026-07-15T17:16:32,2026-07-13,26.0,5.2887,2.9912,2.2975,2.5099,-0.2124,5.4726,3.1177,2.3549,2.6105,0.0,back-constructed
2026-07-15T17:16:32,2026-07-13,27.0,5.2922,2.9942,2.2979,2.5138,-0.2159,5.3824,3.0742,2.3083,2.6153,0.0,back-constructed
2026-07-15T17:16:32,2026-07-13,28.0,5.2919,2.9959,2.296,2.5176,-0.2216,5.2853,3.0416,2.2436,2.6198,0.0,back-constructed
2026-07-15T17:16:32,2026-07-13,29.0,5.2881,2.9968,2.2913,2.5213,-0.23,5.1819,3.0217,2.1602,2.6239,0.0,back-constructed
2026-07-15T17:16:32,2026-07-13,30.0,5.281,2.9974,2.2836,2.5248,-0.2413,5.0732,3.0142,2.059,2.6278,0.0,back-constructed
2026-07-16T14:03:55,2026-07-14,1.0,4.059,1.9017,2.1574,2.3867,-0.2293,4.059,1.9017,2.1574,2.3867,0.0,front-constructed
2026-07-16T14:03:55,2026-07-14,2.0,4.103,1.9291,2.1739,2.4354,-0.2615,4.147,1.9565,2.1905,2.4842,1.0,observed
2026-07-16T14:03:55,2026-07-14,3.0,4.1886,1.9569,2.2317,2.4341,-0.2024,4.3597,2.0126,2.3471,2.4314,1.0,observed
2026-07-16T14:03:55,2026-07-14,4.0,4.243,1.9877,2.2554,2.4284,-0.173,4.4065,2.08,2.3265,2.4112,1.0,observed
2026-07-16T14:03:55,2026-07-14,5.0,4.3041,2.0243,2.2798,2.4247,-0.1449,4.5483,2.171,2.3773,2.4099,1.0,observed
2026-07-16T14:03:55,2026-07-14,6.0,4.3747,2.0694,2.3053,2.4235,-0.1182,4.7279,2.2948,2.4331,2.4178,1.0,observed
2026-07-16T14:03:55,2026-07-14,7.0,4.4482,2.1238,2.3244,2.4244,-0.1,4.8892,2.4502,2.439,2.4299,1.0,observed
2026-07-16T14:03:55,2026-07-14,8.0,4.5181,2.1869,2.3313,2.4268,-0.0956,5.0074,2.6281,2.3792,2.4436,1.0,observed
2026-07-16T14:03:55,2026-07-14,9.0,4.5882,2.2567,2.3314,2.4303,-0.0988,5.1486,2.8156,2.3329,2.4578,1.0,observed
2026-07-16T14:03:55,2026-07-14,10.0,4.6573,2.3309,2.3264,2.4344,-0.108,5.2798,2.9988,2.2809,2.4716,1.0,observed
2026-07-16T14:03:55,2026-07-14,11.0,4.7237,2.4068,2.3169,2.439,-0.1221,5.3878,3.1656,2.2222,2.4849,1.0,observed
2026-07-16T14:03:55,2026-07-14,12.0,4.7877,2.4818,2.3059,2.4439,-0.138,5.4909,3.3068,2.184,2.4975,1.0,observed
2026-07-16T14:03:55,2026-07-14,13.0,4.8485,2.5538,2.2948,2.4489,-0.1541,5.579,3.4173,2.1617,2.5094,1.0,observed
2026-07-16T14:03:55,2026-07-14,14.0,4.9059,2.621,2.2849,2.454,-0.1691,5.6514,3.4951,2.1564,2.5206,1.0,observed
2026-07-16T14:03:55,2026-07-14,15.0,4.9594,2.6823,2.277,2.4592,-0.1822,5.7079,3.5411,2.1668,2.5311,1.0,observed
2026-07-16T14:03:55,2026-07-14,16.0,5.0087,2.7371,2.2715,2.4643,-0.1927,5.7483,3.5587,2.1896,2.5409,1.0,observed
2026-07-16T14:03:55,2026-07-14,17.0,5.0536,2.7851,2.2686,2.4693,-0.2008,5.773,3.5521,2.2208,2.5501,1.0,observed
2026-07-16T14:03:55,2026-07-14,18.0,5.0941,2.8263,2.2678,2.4743,-0.2064,5.7822,3.5265,2.2557,2.5587,1.0,observed
2026-07-16T14:03:55,2026-07-14,19.0,5.13,2.861,2.269,2.4792,-0.2102,5.7767,3.487,2.2897,2.5668,1.0,observed
2026-07-16T14:03:55,2026-07-14,20.0,5.1614,2.8899,2.2715,2.4839,-0.2124,5.7571,3.438,2.3191,2.5743,1.0,observed
2026-07-16T14:03:55,2026-07-14,21.0,5.1902,2.9133,2.2768,2.4886,-0.2117,5.7662,3.3826,2.3835,2.5814,0.0,back-constructed
2026-07-16T14:03:55,2026-07-14,22.0,5.2145,2.932,2.2825,2.4931,-0.2106,5.7248,3.3227,2.4021,2.588,0.0,back-constructed
2026-07-16T14:03:55,2026-07-14,23.0,5.2344,2.9462,2.2881,2.4975,-0.2093,5.6718,3.2604,2.4114,2.5942,0.0,back-constructed
2026-07-16T14:03:55,2026-07-14,24.0,5.2499,2.9567,2.2932,2.5018,-0.2085,5.6081,3.1979,2.4102,2.6,0.0,back-constructed
2026-07-16T14:03:55,2026-07-14,25.0,5.2613,2.964,2.2974,2.5059,-0.2085,5.5348,3.1381,2.3967,2.6055,0.0,back-constructed
2026-07-16T14:03:55,2026-07-14,26.0,5.2687,2.9686,2.3001,2.5099,-0.2098,5.4526,3.0838,2.3687,2.6105,0.0,back-constructed
2026-07-16T14:03:55,2026-07-14,27.0,5.2722,2.9712,2.301,2.5138,-0.2128,5.3624,3.0382,2.3242,2.6153,0.0,back-constructed
2026-07-16T14:03:55,2026-07-14,28.0,5.2719,2.9723,2.2996,2.5176,-0.218,5.2653,3.004,2.2613,2.6198,0.0,back-constructed
2026-07-16T14:03:55,2026-07-14,29.0,5.2681,2.9727,2.2954,2.5213,-0.2258,5.1619,2.9827,2.1792,2.6239,0.0,back-constructed
2026-07-16T14:03:55,2026-07-14,30.0,5.261,2.9727,2.2882,2.5248,-0.2366,5.0532,2.974,2.0792,2.6278,0.0,back-constructed
2026-07-17T13:47:15,2026-07-15,1.0,4.009,1.8751,2.1339,2.3867,-0.2528,4.009,1.8751,2.1339,2.3867,0.0,front-constructed
2026-07-17T13:47:15,2026-07-15,2.0,4.053,1.9042,2.1488,2.4354,-0.2866,4.097,1.9332,2.1638,2.4842,1.0,observed
2026-07-17T13:47:15,2026-07-15,3.0,4.1386,1.9336,2.205,2.4341,-0.2291,4.3097,1.9923,2.3174,2.4314,1.0,observed
2026-07-17T13:47:15,2026-07-15,4.0,4.193,1.9658,2.2273,2.4284,-0.2011,4.3565,2.0625,2.2939,2.4112,1.0,observed
2026-07-17T13:47:15,2026-07-15,5.0,4.2541,2.0039,2.2502,2.4247,-0.1745,4.4983,2.1564,2.3419,2.4099,1.0,observed
2026-07-17T13:47:15,2026-07-15,6.0,4.3247,2.0505,2.2742,2.4235,-0.1493,4.6779,2.2835,2.3944,2.4178,1.0,observed
2026-07-17T13:47:15,2026-07-15,7.0,4.3982,2.1066,2.2916,2.4244,-0.1328,4.8392,2.4431,2.3961,2.4299,1.0,observed
2026-07-17T13:47:15,2026-07-15,8.0,4.4748,2.1715,2.3032,2.4268,-0.1236,5.0107,2.6262,2.3845,2.4436,1.0,observed
2026-07-17T13:47:15,2026-07-15,9.0,4.5515,2.2435,2.308,2.4303,-0.1223,5.1652,2.8192,2.346,2.4578,1.0,observed
2026-07-17T13:47:15,2026-07-15,10.0,4.6273,2.3199,2.3074,2.4344,-0.127,5.3098,3.0077,2.3021,2.4716,1.0,observed
2026-07-17T13:47:15,2026-07-15,11.0,4.6947,2.398,2.2967,2.439,-0.1423,5.3688,3.1792,2.1896,2.4849,1.0,observed
2026-07-17T13:47:15,2026-07-15,12.0,4.7597,2.4753,2.2844,2.4439,-0.1595,5.4739,3.3247,2.1491,2.4975,1.0,observed
2026-07-17T13:47:15,2026-07-15,13.0,4.8215,2.5494,2.2721,2.4489,-0.1768,5.564,3.4391,2.1249,2.5094,1.0,observed
2026-07-17T13:47:15,2026-07-15,14.0,4.8799,2.6188,2.2611,2.454,-0.1929,5.6384,3.5206,2.1178,2.5206,1.0,observed
2026-07-17T13:47:15,2026-07-15,15.0,4.9344,2.6822,2.2521,2.4592,-0.207,5.6969,3.5705,2.1264,2.5311,1.0,observed
2026-07-17T13:47:15,2026-07-15,16.0,4.9847,2.7391,2.2456,2.4643,-0.2187,5.7393,3.5919,2.1474,2.5409,1.0,observed
2026-07-17T13:47:15,2026-07-15,17.0,5.0306,2.7891,2.2415,2.4693,-0.2278,5.766,3.5896,2.1764,2.5501,1.0,observed
2026-07-17T13:47:15,2026-07-15,18.0,5.0721,2.8324,2.2397,2.4743,-0.2346,5.7772,3.5686,2.2087,2.5587,1.0,observed
2026-07-17T13:47:15,2026-07-15,19.0,5.109,2.8693,2.2397,2.4792,-0.2395,5.7737,3.534,2.2397,2.5668,1.0,observed
2026-07-17T13:47:15,2026-07-15,20.0,5.1414,2.9004,2.241,2.4839,-0.2429,5.7561,3.4905,2.2656,2.5743,1.0,observed
2026-07-17T13:47:15,2026-07-15,21.0,5.1722,2.9261,2.246,2.4886,-0.2425,5.7882,3.4409,2.3473,2.5814,0.0,back-constructed
2026-07-17T13:47:15,2026-07-15,22.0,5.1985,2.9471,2.2514,2.4931,-0.2417,5.7508,3.3868,2.364,2.588,0.0,back-constructed
2026-07-17T13:47:15,2026-07-15,23.0,5.2204,2.9637,2.2566,2.4975,-0.2409,5.7018,3.3303,2.3715,2.5942,0.0,back-constructed
2026-07-17T13:47:15,2026-07-15,24.0,5.2379,2.9767,2.2613,2.5018,-0.2405,5.6421,3.2736,2.3685,2.6,0.0,back-constructed
2026-07-17T13:47:15,2026-07-15,25.0,5.2513,2.9864,2.265,2.5059,-0.2409,5.5728,3.2194,2.3533,2.6055,0.0,back-constructed
2026-07-17T13:47:15,2026-07-15,26.0,5.2607,2.9935,2.2672,2.5099,-0.2427,5.4946,3.1707,2.3239,2.6105,0.0,back-constructed
2026-07-17T13:47:15,2026-07-15,27.0,5.2662,2.9985,2.2676,2.5138,-0.2462,5.4084,3.1304,2.278,2.6153,0.0,back-constructed
2026-07-17T13:47:15,2026-07-15,28.0,5.2679,3.0022,2.2657,2.5176,-0.2519,5.3153,3.1014,2.2139,2.6198,0.0,back-constructed
2026-07-17T13:47:15,2026-07-15,29.0,5.2661,3.0051,2.2611,2.5213,-0.2602,5.2159,3.0853,2.1307,2.6239,0.0,back-constructed
2026-07-17T13:47:15,2026-07-15,30.0,5.261,3.0076,2.2533,2.5248,-0.2715,5.1112,3.0816,2.0296,2.6278,0.0,back-constructed
2026-07-18T21:03:01,2026-07-16,1.0,4.029,1.9026,2.1265,2.3867,-0.2602,4.029,1.9026,2.1265,2.3867,0.0,front-constructed
2026-07-18T21:03:01,2026-07-16,2.0,4.083,1.9323,2.1507,2.4354,-0.2847,4.137,1.962,2.175,2.4842,1.0,observed
2026-07-18T21:03:01,2026-07-16,3.0,4.1586,1.9622,2.1964,2.4341,-0.2377,4.3097,2.0221,2.2876,2.4314,1.0,observed
2026-07-18T21:03:01,2026-07-16,4.0,4.213,1.9949,2.2181,2.4284,-0.2102,4.3765,2.0931,2.2833,2.4112,1.0,observed
2026-07-18T21:03:01,2026-07-16,5.0,4.2741,2.0334,2.2407,2.4247,-0.184,4.5183,2.1875,2.3309,2.4099,1.0,observed
2026-07-18T21:03:01,2026-07-16,6.0,4.3447,2.0803,2.2644,2.4235,-0.1591,4.6979,2.3147,2.3832,2.4178,1.0,observed
2026-07-18T21:03:01,2026-07-16,7.0,4.4182,2.1366,2.2817,2.4244,-0.1428,4.8592,2.4741,2.3851,2.4299,1.0,observed
2026-07-18T21:03:01,2026-07-16,8.0,4.4948,2.2016,2.2932,2.4268,-0.1337,5.0307,2.657,2.3737,2.4436,1.0,observed
2026-07-18T21:03:01,2026-07-16,9.0,4.5715,2.2736,2.2979,2.4303,-0.1324,5.1852,2.8498,2.3354,2.4578,1.0,observed
2026-07-18T21:03:01,2026-07-16,10.0,4.6473,2.3501,2.2972,2.4344,-0.1372,5.3298,3.0381,2.2917,2.4716,1.0,observed
2026-07-18T21:03:01,2026-07-16,11.0,4.7147,2.4282,2.2865,2.439,-0.1525,5.3888,3.2095,2.1793,2.4849,1.0,observed
2026-07-18T21:03:01,2026-07-16,12.0,4.7797,2.5055,2.2742,2.4439,-0.1697,5.4939,3.355,2.1389,2.4975,1.0,observed
2026-07-18T21:03:01,2026-07-16,13.0,4.8415,2.5796,2.2619,2.4489,-0.187,5.584,3.4693,2.1147,2.5094,1.0,observed
2026-07-18T21:03:01,2026-07-16,14.0,4.8999,2.649,2.2509,2.454,-0.2031,5.6584,3.5508,2.1077,2.5206,1.0,observed
2026-07-18T21:03:01,2026-07-16,15.0,4.9544,2.7124,2.242,2.4592,-0.2172,5.7169,3.6003,2.1165,2.5311,1.0,observed
2026-07-18T21:03:01,2026-07-16,16.0,5.0047,2.7692,2.2355,2.4643,-0.2288,5.7593,3.6212,2.1381,2.5409,1.0,observed
2026-07-18T21:03:01,2026-07-16,17.0,5.0506,2.8191,2.2315,2.4693,-0.2378,5.786,3.6178,2.1682,2.5501,1.0,observed
2026-07-18T21:03:01,2026-07-16,18.0,5.0921,2.8622,2.2299,2.4743,-0.2444,5.7972,3.5951,2.2021,2.5587,1.0,observed
2026-07-18T21:03:01,2026-07-16,19.0,5.129,2.8988,2.2302,2.4792,-0.249,5.7937,3.5582,2.2356,2.5668,1.0,observed
2026-07-18T21:03:01,2026-07-16,20.0,5.1614,2.9295,2.2319,2.4839,-0.252,5.7761,3.5115,2.2646,2.5743,1.0,observed
2026-07-18T21:03:01,2026-07-16,21.0,5.1912,2.9547,2.2365,2.4886,-0.252,5.7872,3.4582,2.329,2.5814,0.0,back-constructed
2026-07-18T21:03:01,2026-07-16,22.0,5.2165,2.9749,2.2416,2.4931,-0.2515,5.7478,3.4003,2.3475,2.588,0.0,back-constructed
2026-07-18T21:03:01,2026-07-16,23.0,5.2374,2.9908,2.2466,2.4975,-0.2509,5.6968,3.3401,2.3567,2.5942,0.0,back-constructed
2026-07-18T21:03:01,2026-07-16,24.0,5.2539,3.0028,2.2511,2.5018,-0.2506,5.6351,3.2799,2.3553,2.6,0.0,back-constructed
2026-07-18T21:03:01,2026-07-16,25.0,5.2663,3.0116,2.2547,2.5059,-0.2512,5.5638,3.2224,2.3414,2.6055,0.0,back-constructed
2026-07-18T21:03:01,2026-07-16,26.0,5.2747,3.0177,2.257,2.5099,-0.253,5.4836,3.1707,2.3129,2.6105,0.0,back-constructed
2026-07-18T21:03:01,2026-07-16,27.0,5.2792,3.0218,2.2574,2.5138,-0.2565,5.3954,3.1277,2.2677,2.6153,0.0,back-constructed
2026-07-18T21:03:01,2026-07-16,28.0,5.2799,3.0245,2.2554,2.5176,-0.2622,5.3003,3.0962,2.204,2.6198,0.0,back-constructed
2026-07-18T21:03:01,2026-07-16,29.0,5.2771,3.0263,2.2508,2.5213,-0.2705,5.1989,3.0778,2.1211,2.6239,0.0,back-constructed
2026-07-18T21:03:01,2026-07-16,30.0,5.271,3.0278,2.2431,2.5248,-0.2817,5.0922,3.072,2.0202,2.6278,0.0,back-constructed
2026-07-19T06:22:40,2026-07-16,1.0,4.029,1.9026,2.1265,2.3867,-0.2602,4.029,1.9026,2.1265,2.3867,0.0,front-constructed
2026-07-19T06:22:40,2026-07-16,2.0,4.083,1.9323,2.1507,2.4354,-0.2847,4.137,1.962,2.175,2.4842,1.0,observed
2026-07-19T06:22:40,2026-07-16,3.0,4.1586,1.9622,2.1964,2.4341,-0.2377,4.3097,2.0221,2.2876,2.4314,1.0,observed
2026-07-19T06:22:40,2026-07-16,4.0,4.213,1.9949,2.2181,2.4284,-0.2102,4.3765,2.0931,2.2833,2.4112,1.0,observed
2026-07-19T06:22:40,2026-07-16,5.0,4.2741,2.0334,2.2407,2.4247,-0.184,4.5183,2.1875,2.3309,2.4099,1.0,observed
2026-07-19T06:22:40,2026-07-16,6.0,4.3447,2.0803,2.2644,2.4235,-0.1591,4.6979,2.3147,2.3832,2.4178,1.0,observed
2026-07-19T06:22:40,2026-07-16,7.0,4.4182,2.1366,2.2817,2.4244,-0.1428,4.8592,2.4741,2.3851,2.4299,1.0,observed
2026-07-19T06:22:40,2026-07-16,8.0,4.4948,2.2016,2.2932,2.4268,-0.1337,5.0307,2.657,2.3737,2.4436,1.0,observed
2026-07-19T06:22:40,2026-07-16,9.0,4.5715,2.2736,2.2979,2.4303,-0.1324,5.1852,2.8498,2.3354,2.4578,1.0,observed
2026-07-19T06:22:40,2026-07-16,10.0,4.6473,2.3501,2.2972,2.4344,-0.1372,5.3298,3.0381,2.2917,2.4716,1.0,observed
2026-07-19T06:22:40,2026-07-16,11.0,4.7147,2.4282,2.2865,2.439,-0.1525,5.3888,3.2095,2.1793,2.4849,1.0,observed
2026-07-19T06:22:40,2026-07-16,12.0,4.7797,2.5055,2.2742,2.4439,-0.1697,5.4939,3.355,2.1389,2.4975,1.0,observed
2026-07-19T06:22:40,2026-07-16,13.0,4.8415,2.5796,2.2619,2.4489,-0.187,5.584,3.4693,2.1147,2.5094,1.0,observed
2026-07-19T06:22:40,2026-07-16,14.0,4.8999,2.649,2.2509,2.454,-0.2031,5.6584,3.5508,2.1077,2.5206,1.0,observed
2026-07-19T06:22:40,2026-07-16,15.0,4.9544,2.7124,2.242,2.4592,-0.2172,5.7169,3.6003,2.1165,2.5311,1.0,observed
2026-07-19T06:22:40,2026-07-16,16.0,5.0047,2.7692,2.2355,2.4643,-0.2288,5.7593,3.6212,2.1381,2.5409,1.0,observed
2026-07-19T06:22:40,2026-07-16,17.0,5.0506,2.8191,2.2315,2.4693,-0.2378,5.786,3.6178,2.1682,2.5501,1.0,observed
2026-07-19T06:22:40,2026-07-16,18.0,5.0921,2.8622,2.2299,2.4743,-0.2444,5.7972,3.5951,2.2021,2.5587,1.0,observed
2026-07-19T06:22:40,2026-07-16,19.0,5.129,2.8988,2.2302,2.4792,-0.249,5.7937,3.5582,2.2356,2.5668,1.0,observed
2026-07-19T06:22:40,2026-07-16,20.0,5.1614,2.9295,2.2319,2.4839,-0.252,5.7761,3.5115,2.2646,2.5743,1.0,observed
2026-07-19T06:22:40,2026-07-16,21.0,5.1912,2.9547,2.2365,2.4886,-0.252,5.7872,3.4582,2.329,2.5814,0.0,back-constructed
2026-07-19T06:22:40,2026-07-16,22.0,5.2165,2.9749,2.2416,2.4931,-0.2515,5.7478,3.4003,2.3475,2.588,0.0,back-constructed
2026-07-19T06:22:40,2026-07-16,23.0,5.2374,2.9908,2.2466,2.4975,-0.2509,5.6968,3.3401,2.3567,2.5942,0.0,back-constructed
2026-07-19T06:22:40,2026-07-16,24.0,5.2539,3.0028,2.2511,2.5018,-0.2506,5.6351,3.2799,2.3553,2.6,0.0,back-constructed
2026-07-19T06:22:40,2026-07-16,25.0,5.2663,3.0116,2.2547,2.5059,-0.2512,5.5638,3.2224,2.3414,2.6055,0.0,back-constructed
2026-07-19T06:22:40,2026-07-16,26.0,5.2747,3.0177,2.257,2.5099,-0.253,5.4836,3.1707,2.3129,2.6105,0.0,back-constructed
2026-07-19T06:22:40,2026-07-16,27.0,5.2792,3.0218,2.2574,2.5138,-0.2565,5.3954,3.1277,2.2677,2.6153,0.0,back-constructed
2026-07-19T06:22:40,2026-07-16,28.0,5.2799,3.0245,2.2554,2.5176,-0.2622,5.3003,3.0962,2.204,2.6198,0.0,back-constructed
2026-07-19T06:22:40,2026-07-16,29.0,5.2771,3.0263,2.2508,2.5213,-0.2705,5.1989,3.0778,2.1211,2.6239,0.0,back-constructed
2026-07-19T06:22:40,2026-07-16,30.0,5.271,3.0278,2.2431,2.5248,-0.2817,5.0922,3.072,2.0202,2.6278,0.0,back-constructed
2026-07-20T14:14:53,2026-07-16,1.0,4.029,1.9026,2.1265,2.3867,-0.2602,4.029,1.9026,2.1265,2.3867,0.0,front-constructed
2026-07-20T14:14:53,2026-07-16,2.0,4.083,1.9323,2.1507,2.4354,-0.2847,4.137,1.962,2.175,2.4842,1.0,observed
2026-07-20T14:14:53,2026-07-16,3.0,4.1586,1.9622,2.1964,2.4341,-0.2377,4.3097,2.0221,2.2876,2.4314,1.0,observed
2026-07-20T14:14:53,2026-07-16,4.0,4.213,1.9949,2.2181,2.4284,-0.2102,4.3765,2.0931,2.2833,2.4112,1.0,observed
2026-07-20T14:14:53,2026-07-16,5.0,4.2741,2.0334,2.2407,2.4247,-0.184,4.5183,2.1875,2.3309,2.4099,1.0,observed
2026-07-20T14:14:53,2026-07-16,6.0,4.3447,2.0803,2.2644,2.4235,-0.1591,4.6979,2.3147,2.3832,2.4178,1.0,observed
2026-07-20T14:14:53,2026-07-16,7.0,4.4182,2.1366,2.2817,2.4244,-0.1428,4.8592,2.4741,2.3851,2.4299,1.0,observed
2026-07-20T14:14:53,2026-07-16,8.0,4.4948,2.2016,2.2932,2.4268,-0.1337,5.0307,2.657,2.3737,2.4436,1.0,observed
2026-07-20T14:14:53,2026-07-16,9.0,4.5715,2.2736,2.2979,2.4303,-0.1324,5.1852,2.8498,2.3354,2.4578,1.0,observed
2026-07-20T14:14:53,2026-07-16,10.0,4.6473,2.3501,2.2972,2.4344,-0.1372,5.3298,3.0381,2.2917,2.4716,1.0,observed
2026-07-20T14:14:53,2026-07-16,11.0,4.7147,2.4282,2.2865,2.439,-0.1525,5.3888,3.2095,2.1793,2.4849,1.0,observed
2026-07-20T14:14:53,2026-07-16,12.0,4.7797,2.5055,2.2742,2.4439,-0.1697,5.4939,3.355,2.1389,2.4975,1.0,observed
2026-07-20T14:14:53,2026-07-16,13.0,4.8415,2.5796,2.2619,2.4489,-0.187,5.584,3.4693,2.1147,2.5094,1.0,observed
2026-07-20T14:14:53,2026-07-16,14.0,4.8999,2.649,2.2509,2.454,-0.2031,5.6584,3.5508,2.1077,2.5206,1.0,observed
2026-07-20T14:14:53,2026-07-16,15.0,4.9544,2.7124,2.242,2.4592,-0.2172,5.7169,3.6003,2.1165,2.5311,1.0,observed
2026-07-20T14:14:53,2026-07-16,16.0,5.0047,2.7692,2.2355,2.4643,-0.2288,5.7593,3.6212,2.1381,2.5409,1.0,observed
2026-07-20T14:14:53,2026-07-16,17.0,5.0506,2.8191,2.2315,2.4693,-0.2378,5.786,3.6178,2.1682,2.5501,1.0,observed
2026-07-20T14:14:53,2026-07-16,18.0,5.0921,2.8622,2.2299,2.4743,-0.2444,5.7972,3.5951,2.2021,2.5587,1.0,observed
2026-07-20T14:14:53,2026-07-16,19.0,5.129,2.8988,2.2302,2.4792,-0.249,5.7937,3.5582,2.2356,2.5668,1.0,observed
2026-07-20T14:14:53,2026-07-16,20.0,5.1614,2.9295,2.2319,2.4839,-0.252,5.7761,3.5115,2.2646,2.5743,1.0,observed
2026-07-20T14:14:53,2026-07-16,21.0,5.1912,2.9547,2.2365,2.4886,-0.252,5.7872,3.4582,2.329,2.5814,0.0,back-constructed
2026-07-20T14:14:53,2026-07-16,22.0,5.2165,2.9749,2.2416,2.4931,-0.2515,5.7478,3.4003,2.3475,2.588,0.0,back-constructed
2026-07-20T14:14:53,2026-07-16,23.0,5.2374,2.9908,2.2466,2.4975,-0.2509,5.6968,3.3401,2.3567,2.5942,0.0,back-constructed
2026-07-20T14:14:53,2026-07-16,24.0,5.2539,3.0028,2.2511,2.5018,-0.2506,5.6351,3.2799,2.3553,2.6,0.0,back-constructed
2026-07-20T14:14:53,2026-07-16,25.0,5.2663,3.0116,2.2547,2.5059,-0.2512,5.5638,3.2224,2.3414,2.6055,0.0,back-constructed
2026-07-20T14:14:53,2026-07-16,26.0,5.2747,3.0177,2.257,2.5099,-0.253,5.4836,3.1707,2.3129,2.6105,0.0,back-constructed
2026-07-20T14:14:53,2026-07-16,27.0,5.2792,3.0218,2.2574,2.5138,-0.2565,5.3954,3.1277,2.2677,2.6153,0.0,back-constructed
2026-07-20T14:14:53,2026-07-16,28.0,5.2799,3.0245,2.2554,2.5176,-0.2622,5.3003,3.0962,2.204,2.6198,0.0,back-constructed
2026-07-20T14:14:53,2026-07-16,29.0,5.2771,3.0263,2.2508,2.5213,-0.2705,5.1989,3.0778,2.1211,2.6239,0.0,back-constructed
2026-07-20T14:14:53,2026-07-16,30.0,5.271,3.0278,2.2431,2.5248,-0.2817,5.0922,3.072,2.0202,2.6278,0.0,back-constructed
2026-07-21T14:02:45,2026-07-17,1.0,4.049,1.8812,2.1679,2.3867,-0.2188,4.049,1.8812,2.1679,2.3867,0.0,front-constructed
2026-07-21T14:02:45,2026-07-17,2.0,4.103,1.9086,2.1944,2.4354,-0.241,4.157,1.936,2.221,2.4842,1.0,observed
2026-07-21T14:02:45,2026-07-17,3.0,4.1686,1.9364,2.2322,2.4341,-0.2019,4.2997,1.992,2.3077,2.4314,1.0,observed
2026-07-21T14:02:45,2026-07-17,4.0,4.218,1.9672,2.2509,2.4284,-0.1775,4.3665,2.0595,2.307,2.4112,1.0,observed
2026-07-21T14:02:45,2026-07-17,5.0,4.2741,2.0039,2.2702,2.4247,-0.1544,4.4983,2.1507,2.3476,2.4099,1.0,observed
2026-07-21T14:02:45,2026-07-17,6.0,4.3397,2.049,2.2907,2.4235,-0.1328,4.6679,2.275,2.3929,2.4178,1.0,observed
2026-07-21T14:02:45,2026-07-17,7.0,4.4082,2.1037,2.3046,2.4244,-0.1198,4.8192,2.4313,2.3879,2.4299,1.0,observed
2026-07-21T14:02:45,2026-07-17,8.0,4.4815,2.1671,2.3144,2.4268,-0.1124,4.994,2.611,2.3831,2.4436,1.0,observed
2026-07-21T14:02:45,2026-07-17,9.0,4.5548,2.2375,2.3173,2.4303,-0.113,5.1419,2.8013,2.3406,2.4578,1.0,observed
2026-07-21T14:02:45,2026-07-17,10.0,4.6273,2.3126,2.3147,2.4344,-0.1197,5.2798,2.9885,2.2913,2.4716,1.0,observed
2026-07-21T14:02:45,2026-07-17,11.0,4.6947,2.3897,2.305,2.439,-0.134,5.3688,3.1604,2.2083,2.4849,1.0,observed
2026-07-21T14:02:45,2026-07-17,12.0,4.7597,2.4662,2.2935,2.4439,-0.1504,5.4739,3.3075,2.1664,2.4975,1.0,observed
2026-07-21T14:02:45,2026-07-17,13.0,4.8215,2.5398,2.2817,2.4489,-0.1672,5.564,3.4238,2.1402,2.5094,1.0,observed
2026-07-21T14:02:45,2026-07-17,14.0,4.8799,2.6089,2.2709,2.454,-0.1831,5.6384,3.5071,2.1313,2.5206,1.0,observed
2026-07-21T14:02:45,2026-07-17,15.0,4.9344,2.6722,2.2621,2.4592,-0.197,5.6969,3.5582,2.1387,2.5311,1.0,observed
2026-07-21T14:02:45,2026-07-17,16.0,4.9847,2.7289,2.2557,2.4643,-0.2085,5.7393,3.5798,2.1596,2.5409,1.0,observed
2026-07-21T14:02:45,2026-07-17,17.0,5.0306,2.7788,2.2518,2.4693,-0.2175,5.766,3.5762,2.1898,2.5501,1.0,observed
2026-07-21T14:02:45,2026-07-17,18.0,5.0721,2.8218,2.2503,2.4743,-0.2239,5.7772,3.5523,2.2249,2.5587,1.0,observed
2026-07-21T14:02:45,2026-07-17,19.0,5.109,2.8581,2.2509,2.4792,-0.2283,5.7737,3.5132,2.2606,2.5668,1.0,observed
2026-07-21T14:02:45,2026-07-17,20.0,5.1414,2.8884,2.253,2.4839,-0.2309,5.7561,3.4634,2.2927,2.5743,1.0,observed
2026-07-21T14:02:45,2026-07-17,21.0,5.1702,2.9131,2.2571,2.4886,-0.2314,5.7462,3.4064,2.3398,2.5814,0.0,back-constructed
2026-07-21T14:02:45,2026-07-17,22.0,5.1945,2.9327,2.2618,2.4931,-0.2313,5.7048,3.3446,2.3602,2.588,0.0,back-constructed
2026-07-21T14:02:45,2026-07-17,23.0,5.2144,2.9478,2.2666,2.4975,-0.2309,5.6518,3.2805,2.3713,2.5942,0.0,back-constructed
2026-07-21T14:02:45,2026-07-17,24.0,5.2299,2.959,2.2709,2.5018,-0.2308,5.5881,3.2166,2.3715,2.6,0.0,back-constructed
2026-07-21T14:02:45,2026-07-17,25.0,5.2413,2.9669,2.2745,2.5059,-0.2314,5.5148,3.1558,2.359,2.6055,0.0,back-constructed
2026-07-21T14:02:45,2026-07-17,26.0,5.2487,2.972,2.2767,2.5099,-0.2333,5.4326,3.1009,2.3316,2.6105,0.0,back-constructed
2026-07-21T14:02:45,2026-07-17,27.0,5.2522,2.9751,2.277,2.5138,-0.2368,5.3424,3.0552,2.2872,2.6153,0.0,back-constructed
2026-07-21T14:02:45,2026-07-17,28.0,5.2519,2.9768,2.2752,2.5176,-0.2425,5.2453,3.0212,2.224,2.6198,0.0,back-constructed
2026-07-21T14:02:45,2026-07-17,29.0,5.2481,2.9776,2.2705,2.5213,-0.2507,5.1419,3.0005,2.1414,2.6239,0.0,back-constructed
2026-07-21T14:02:45,2026-07-17,30.0,5.241,2.9781,2.2629,2.5248,-0.262,5.0332,2.9926,2.0406,2.6278,0.0,back-constructed
2026-07-22T14:05:22,2026-07-20,1.0,4.0811,1.948,2.1331,2.3867,-0.2536,4.0811,1.948,2.1331,2.3867,0.0,front-constructed
2026-07-22T14:05:22,2026-07-20,2.0,4.1305,1.9704,2.1601,2.4354,-0.2753,4.1799,1.9927,2.1872,2.4842,1.0,observed
2026-07-22T14:05:22,2026-07-20,3.0,4.1903,1.9931,2.1971,2.4341,-0.2369,4.3098,2.0387,2.2712,2.4314,1.0,observed
2026-07-22T14:05:22,2026-07-20,4.0,4.253,2.0194,2.2336,2.4284,-0.1948,4.4412,2.0982,2.343,2.4112,1.0,observed
2026-07-22T14:05:22,2026-07-20,5.0,4.3216,2.0527,2.2688,2.4247,-0.1558,4.5958,2.186,2.4098,2.4099,1.0,observed
2026-07-22T14:05:22,2026-07-20,6.0,4.3891,2.096,2.2931,2.4235,-0.1304,4.7269,2.3122,2.4147,2.4178,1.0,observed
2026-07-22T14:05:22,2026-07-20,7.0,4.4591,2.15,2.3091,2.4244,-0.1153,4.879,2.4743,2.4047,2.4299,1.0,observed
2026-07-22T14:05:22,2026-07-20,8.0,4.5302,2.2138,2.3163,2.4268,-0.1105,5.0277,2.6605,2.3671,2.4436,1.0,observed
2026-07-22T14:05:22,2026-07-20,9.0,4.6012,2.2851,2.3161,2.4303,-0.1142,5.1693,2.8552,2.3141,2.4578,1.0,observed
2026-07-22T14:05:22,2026-07-20,10.0,4.6712,2.3608,2.3103,2.4344,-0.124,5.3012,3.0425,2.2586,2.4716,1.0,observed
2026-07-22T14:05:22,2026-07-20,11.0,4.7394,2.438,2.3014,2.439,-0.1376,5.4211,3.2094,2.2117,2.4849,1.0,observed
2026-07-22T14:05:22,2026-07-20,12.0,4.8051,2.5138,2.2913,2.4439,-0.1526,5.5276,3.3472,2.1804,2.4975,1.0,observed
2026-07-22T14:05:22,2026-07-20,13.0,4.8677,2.5859,2.2818,2.4489,-0.1671,5.6196,3.4516,2.168,2.5094,1.0,observed
2026-07-22T14:05:22,2026-07-20,14.0,4.9269,2.6527,2.2742,2.454,-0.1799,5.6964,3.5218,2.1746,2.5206,1.0,observed
2026-07-22T14:05:22,2026-07-20,15.0,4.9823,2.7132,2.2691,2.4592,-0.1901,5.7577,3.5601,2.1976,2.5311,1.0,observed
2026-07-22T14:05:22,2026-07-20,16.0,5.0336,2.7668,2.2668,2.4643,-0.1975,5.8035,3.5707,2.2328,2.5409,1.0,observed
2026-07-22T14:05:22,2026-07-20,17.0,5.0807,2.8134,2.2673,2.4693,-0.202,5.834,3.5587,2.2754,2.5501,1.0,observed
2026-07-22T14:05:22,2026-07-20,18.0,5.1234,2.8532,2.2702,2.4743,-0.204,5.8495,3.5292,2.3203,2.5587,1.0,observed
2026-07-22T14:05:22,2026-07-20,19.0,5.1617,2.8865,2.2751,2.4792,-0.204,5.8506,3.4872,2.3634,2.5668,1.0,observed
2026-07-22T14:05:22,2026-07-20,20.0,5.1955,2.9141,2.2814,2.4839,-0.2025,5.8379,3.4368,2.4011,2.5743,1.0,observed
2026-07-22T14:05:22,2026-07-20,21.0,5.2249,2.9363,2.2886,2.4886,-0.2,5.8121,3.3806,2.4314,2.5814,0.0,back-constructed
2026-07-22T14:05:22,2026-07-20,22.0,5.2498,2.9537,2.2961,2.4931,-0.197,5.774,3.3203,2.4537,2.588,0.0,back-constructed
2026-07-22T14:05:22,2026-07-20,23.0,5.2705,2.967,2.3035,2.4975,-0.194,5.7244,3.2578,2.4667,2.5942,0.0,back-constructed
2026-07-22T14:05:22,2026-07-20,24.0,5.2869,2.9765,2.3104,2.5018,-0.1914,5.6643,3.1953,2.469,2.6,0.0,back-constructed
2026-07-22T14:05:22,2026-07-20,25.0,5.2992,2.9828,2.3163,2.5059,-0.1896,5.5944,3.1354,2.459,2.6055,0.0,back-constructed
2026-07-22T14:05:22,2026-07-20,26.0,5.3075,2.9866,2.3209,2.5099,-0.189,5.5157,3.0809,2.4347,2.6105,0.0,back-constructed
2026-07-22T14:05:22,2026-07-20,27.0,5.312,2.9884,2.3236,2.5138,-0.1902,5.4289,3.0349,2.394,2.6153,0.0,back-constructed
2026-07-22T14:05:22,2026-07-20,28.0,5.3128,2.9888,2.324,2.5176,-0.1936,5.335,2.9999,2.3351,2.6198,0.0,back-constructed
2026-07-22T14:05:22,2026-07-20,29.0,5.3101,2.9884,2.3217,2.5213,-0.1996,5.2348,2.9776,2.2571,2.6239,0.0,back-constructed
2026-07-22T14:05:22,2026-07-20,30.0,5.3041,2.9877,2.3164,2.5248,-0.2085,5.1289,2.9676,2.1613,2.6278,0.0,back-constructed
2026-07-23T14:10:43,2026-07-21,1.0,4.1311,1.9939,2.1372,2.3867,-0.2494,4.1311,1.9939,2.1372,2.3867,0.0,front-constructed
2026-07-23T14:10:43,2026-07-21,2.0,4.1805,2.0138,2.1667,2.4354,-0.2688,4.2299,2.0338,2.1961,2.4842,1.0,observed
2026-07-23T14:10:43,2026-07-21,3.0,4.2503,2.0342,2.2161,2.4341,-0.218,4.3898,2.0749,2.3149,2.4314,1.0,observed
2026-07-23T14:10:43,2026-07-21,4.0,4.303,2.058,2.245,2.4284,-0.1833,4.4612,2.1294,2.3318,2.4112,1.0,observed
2026-07-23T14:10:43,2026-07-21,5.0,4.3616,2.0887,2.2729,2.4247,-0.1518,4.5958,2.2115,2.3843,2.4099,1.0,observed
2026-07-23T14:10:43,2026-07-21,6.0,4.4341,2.1292,2.305,2.4235,-0.1185,4.7969,2.3314,2.4655,2.4178,1.0,observed
2026-07-23T14:10:43,2026-07-21,7.0,4.5091,2.1803,2.3288,2.4244,-0.0956,4.959,2.4871,2.4719,2.4299,1.0,observed
2026-07-23T14:10:43,2026-07-21,8.0,4.5735,2.2412,2.3323,2.4268,-0.0945,5.0244,2.6678,2.3566,2.4436,1.0,observed
2026-07-23T14:10:43,2026-07-21,9.0,4.6379,2.3098,2.3281,2.4303,-0.1022,5.1527,2.8582,2.2945,2.4578,1.0,observed
2026-07-23T14:10:43,2026-07-21,10.0,4.7012,2.3831,2.3181,2.4344,-0.1163,5.2712,3.0428,2.2284,2.4716,1.0,observed
2026-07-23T14:10:43,2026-07-21,11.0,4.7684,2.4581,2.3103,2.439,-0.1287,5.4401,3.2085,2.2316,2.4849,1.0,observed
2026-07-23T14:10:43,2026-07-21,12.0,4.8331,2.5321,2.301,2.4439,-0.1429,5.5446,3.346,2.1986,2.4975,1.0,observed
2026-07-23T14:10:43,2026-07-21,13.0,4.8947,2.6027,2.292,2.4489,-0.1569,5.6346,3.4505,2.1841,2.5094,1.0,observed
2026-07-23T14:10:43,2026-07-21,14.0,4.9529,2.6683,2.2846,2.454,-0.1694,5.7094,3.5208,2.1886,2.5206,1.0,observed
2026-07-23T14:10:43,2026-07-21,15.0,5.0073,2.7277,2.2796,2.4592,-0.1796,5.7687,3.5592,2.2095,2.5311,1.0,observed
2026-07-23T14:10:43,2026-07-21,16.0,5.0576,2.7803,2.2773,2.4643,-0.187,5.8125,3.5697,2.2428,2.5409,1.0,observed
2026-07-23T14:10:43,2026-07-21,17.0,5.1037,2.8261,2.2776,2.4693,-0.1917,5.841,3.5576,2.2834,2.5501,1.0,observed
2026-07-23T14:10:43,2026-07-21,18.0,5.1454,2.8651,2.2803,2.4743,-0.194,5.8545,3.5284,2.3262,2.5587,1.0,observed
2026-07-23T14:10:43,2026-07-21,19.0,5.1827,2.8978,2.2849,2.4792,-0.1943,5.8536,3.4871,2.3666,2.5668,1.0,observed
2026-07-23T14:10:43,2026-07-21,20.0,5.2155,2.9248,2.2907,2.4839,-0.1932,5.8389,3.4378,2.4011,2.5743,1.0,observed
2026-07-23T14:10:43,2026-07-21,21.0,5.2449,2.9466,2.2982,2.4886,-0.1903,5.8321,3.3833,2.4488,2.5814,0.0,back-constructed
2026-07-23T14:10:43,2026-07-21,22.0,5.2698,2.9638,2.306,2.4931,-0.1871,5.794,3.3246,2.4694,2.588,0.0,back-constructed
2026-07-23T14:10:43,2026-07-21,23.0,5.2905,2.9769,2.3136,2.4975,-0.1839,5.7444,3.2637,2.4808,2.5942,0.0,back-constructed
2026-07-23T14:10:43,2026-07-21,24.0,5.3069,2.9863,2.3206,2.5018,-0.1812,5.6843,3.2026,2.4817,2.6,0.0,back-constructed
2026-07-23T14:10:43,2026-07-21,25.0,5.3192,2.9926,2.3266,2.5059,-0.1793,5.6144,3.1438,2.4706,2.6055,0.0,back-constructed
2026-07-23T14:10:43,2026-07-21,26.0,5.3275,2.9963,2.3312,2.5099,-0.1788,5.5357,3.0902,2.4454,2.6105,0.0,back-constructed
2026-07-23T14:10:43,2026-07-21,27.0,5.332,2.9981,2.3339,2.5138,-0.18,5.4489,3.0448,2.4041,2.6153,0.0,back-constructed
2026-07-23T14:10:43,2026-07-21,28.0,5.3328,2.9986,2.3343,2.5176,-0.1834,5.355,3.0103,2.3447,2.6198,0.0,back-constructed
2026-07-23T14:10:43,2026-07-21,29.0,5.3301,2.9982,2.3319,2.5213,-0.1894,5.2548,2.9882,2.2665,2.6239,0.0,back-constructed
2026-07-23T14:10:43,2026-07-21,30.0,5.3241,2.9975,2.3265,2.5248,-0.1983,5.1489,2.9783,2.1706,2.6278,0.0,back-constructed
2026-07-24T13:53:03,2026-07-22,1.0,4.1611,2.0126,2.1485,2.3867,-0.2381,4.1611,2.0126,2.1485,2.3867,0.0,front-constructed
2026-07-24T13:53:03,2026-07-22,2.0,4.2305,2.0329,2.1976,2.4354,-0.2378,4.2999,2.0531,2.2467,2.4842,1.0,observed
2026-07-24T13:53:03,2026-07-22,3.0,4.2803,2.0535,2.2268,2.4341,-0.2073,4.3798,2.0948,2.285,2.4314,1.0,observed
2026-07-24T13:53:03,2026-07-22,4.0,4.338,2.0776,2.2604,2.4284,-0.1679,4.5112,2.1497,2.3615,2.4112,1.0,observed
2026-07-24T13:53:03,2026-07-22,5.0,4.4016,2.1085,2.2931,2.4247,-0.1316,4.6558,2.232,2.4238,2.4099,1.0,observed
2026-07-24T13:53:03,2026-07-22,6.0,4.4691,2.1491,2.3201,2.4235,-0.1034,4.8069,2.352,2.4549,2.4178,1.0,observed
2026-07-24T13:53:03,2026-07-22,7.0,4.5391,2.2003,2.3388,2.4244,-0.0856,4.959,2.5076,2.4514,2.4299,1.0,observed
2026-07-24T13:53:03,2026-07-22,8.0,4.6068,2.2613,2.3456,2.4268,-0.0812,5.081,2.6882,2.3928,2.4436,1.0,observed
2026-07-24T13:53:03,2026-07-22,9.0,4.6745,2.3298,2.3447,2.4303,-0.0856,5.216,2.8785,2.3375,2.4578,1.0,observed
2026-07-24T13:53:03,2026-07-22,10.0,4.7412,2.4032,2.338,2.4344,-0.0964,5.3412,3.063,2.2782,2.4716,1.0,observed
2026-07-24T13:53:03,2026-07-22,11.0,4.8074,2.4782,2.3292,2.439,-0.1098,5.4691,3.2286,2.2405,2.4849,1.0,observed
2026-07-24T13:53:03,2026-07-22,12.0,4.8711,2.5522,2.3189,2.4439,-0.125,5.5716,3.3662,2.2054,2.4975,1.0,observed
2026-07-24T13:53:03,2026-07-22,13.0,4.9317,2.6228,2.3089,2.4489,-0.14,5.6596,3.4706,2.189,2.5094,1.0,observed
2026-07-24T13:53:03,2026-07-22,14.0,4.9889,2.6884,2.3005,2.454,-0.1535,5.7324,3.5409,2.1915,2.5206,1.0,observed
2026-07-24T13:53:03,2026-07-22,15.0,5.0423,2.7478,2.2945,2.4592,-0.1647,5.7897,3.5791,2.2106,2.5311,1.0,observed
2026-07-24T13:53:03,2026-07-22,16.0,5.0916,2.8004,2.2912,2.4643,-0.173,5.8315,3.5894,2.2422,2.5409,1.0,observed
2026-07-24T13:53:03,2026-07-22,17.0,5.1367,2.8461,2.2906,2.4693,-0.1787,5.858,3.5767,2.2813,2.5501,1.0,observed
2026-07-24T13:53:03,2026-07-22,18.0,5.1774,2.885,2.2924,2.4743,-0.1819,5.8695,3.5466,2.3229,2.5587,1.0,observed
2026-07-24T13:53:03,2026-07-22,19.0,5.2137,2.9176,2.2961,2.4792,-0.183,5.8666,3.5041,2.3625,2.5668,1.0,observed
2026-07-24T13:53:03,2026-07-22,20.0,5.2455,2.9444,2.3011,2.4839,-0.1828,5.8499,3.4533,2.3966,2.5743,1.0,observed
2026-07-24T13:53:03,2026-07-22,21.0,5.2739,2.9659,2.3079,2.4886,-0.1806,5.8411,3.3969,2.4442,2.5814,0.0,back-constructed
2026-07-24T13:53:03,2026-07-22,22.0,5.2978,2.9827,2.3151,2.4931,-0.178,5.801,3.3364,2.4646,2.588,0.0,back-constructed
2026-07-24T13:53:03,2026-07-22,23.0,5.3175,2.9954,2.3221,2.4975,-0.1754,5.7494,3.2736,2.4759,2.5942,0.0,back-constructed
2026-07-24T13:53:03,2026-07-22,24.0,5.3329,3.0044,2.3285,2.5018,-0.1732,5.6873,3.2107,2.4766,2.6,0.0,back-constructed
2026-07-24T13:53:03,2026-07-22,25.0,5.3442,3.0102,2.334,2.5059,-0.1719,5.6154,3.1503,2.4651,2.6055,0.0,back-constructed
2026-07-24T13:53:03,2026-07-22,26.0,5.3515,3.0135,2.338,2.5099,-0.1719,5.5347,3.0952,2.4394,2.6105,0.0,back-constructed
2026-07-24T13:53:03,2026-07-22,27.0,5.355,3.0148,2.3402,2.5138,-0.1736,5.4459,3.0485,2.3974,2.6153,0.0,back-constructed
2026-07-24T13:53:03,2026-07-22,28.0,5.3548,3.0147,2.3401,2.5176,-0.1775,5.35,3.0127,2.3373,2.6198,0.0,back-constructed
2026-07-24T13:53:03,2026-07-22,29.0,5.3511,3.0138,2.3373,2.5213,-0.184,5.2478,2.9895,2.2583,2.6239,0.0,back-constructed
2026-07-24T13:53:03,2026-07-22,30.0,5.3441,3.0126,2.3314,2.5248,-0.1934,5.1399,2.9785,2.1614,2.6278,0.0,back-constructed
2026-07-27T14:45:28,2026-07-23,1.0,4.2011,2.072,2.1291,2.3867,-0.2576,4.2011,2.072,2.1291,2.3867,0.0,front-constructed
2026-07-27T14:45:28,2026-07-23,2.0,4.2905,2.0915,2.199,2.4354,-0.2365,4.3799,2.111,2.2689,2.4842,1.0,observed
2026-07-27T14:45:28,2026-07-23,3.0,4.3403,2.1112,2.229,2.4341,-0.205,4.4398,2.1507,2.2892,2.4314,1.0,observed
2026-07-27T14:45:28,2026-07-23,4.0,4.393,2.134,2.259,2.4284,-0.1694,4.5512,2.2025,2.3487,2.4112,1.0,observed
2026-07-27T14:45:28,2026-07-23,5.0,4.4516,2.1633,2.2883,2.4247,-0.1364,4.6858,2.2802,2.4056,2.4099,1.0,observed
2026-07-27T14:45:28,2026-07-23,6.0,4.5191,2.2017,2.3174,2.4235,-0.1061,4.8569,2.3941,2.4628,2.4178,1.0,observed
2026-07-27T14:45:28,2026-07-23,7.0,4.5891,2.2505,2.3386,2.4244,-0.0858,5.009,2.543,2.466,2.4299,1.0,observed
2026-07-27T14:45:28,2026-07-23,8.0,4.6535,2.3088,2.3447,2.4268,-0.0822,5.1044,2.7174,2.387,2.4436,1.0,observed
2026-07-27T14:45:28,2026-07-23,9.0,4.7179,2.3748,2.343,2.4303,-0.0872,5.2327,2.9027,2.33,2.4578,1.0,observed
2026-07-27T14:45:28,2026-07-23,10.0,4.7812,2.4457,2.3355,2.4344,-0.0989,5.3512,3.0839,2.2673,2.4716,1.0,observed
2026-07-27T14:45:28,2026-07-23,11.0,4.8464,2.5187,2.3277,2.439,-0.1113,5.4981,3.248,2.2501,2.4849,1.0,observed
2026-07-27T14:45:28,2026-07-23,12.0,4.9091,2.5909,2.3182,2.4439,-0.1257,5.5986,3.385,2.2136,2.4975,1.0,observed
2026-07-27T14:45:28,2026-07-23,13.0,4.9687,2.66,2.3087,2.4489,-0.1402,5.6846,3.4894,2.1952,2.5094,1.0,observed
2026-07-27T14:45:28,2026-07-23,14.0,5.0249,2.7242,2.3007,2.454,-0.1534,5.7554,3.5597,2.1957,2.5206,1.0,observed
2026-07-27T14:45:28,2026-07-23,15.0,5.0773,2.7825,2.2948,2.4592,-0.1644,5.8107,3.5978,2.213,2.5311,1.0,observed
2026-07-27T14:45:28,2026-07-23,16.0,5.1256,2.834,2.2916,2.4643,-0.1727,5.8505,3.6074,2.2432,2.5409,1.0,observed
2026-07-27T14:45:28,2026-07-23,17.0,5.1697,2.8787,2.291,2.4693,-0.1783,5.875,3.5937,2.2813,2.5501,1.0,observed
2026-07-27T14:45:28,2026-07-23,18.0,5.2094,2.9167,2.2927,2.4743,-0.1816,5.8845,3.5622,2.3223,2.5587,1.0,observed
2026-07-27T14:45:28,2026-07-23,19.0,5.2447,2.9483,2.2963,2.4792,-0.1828,5.8796,3.5179,2.3617,2.5668,1.0,observed
2026-07-27T14:45:28,2026-07-23,20.0,5.2755,2.9742,2.3013,2.4839,-0.1826,5.8609,3.4652,2.3956,2.5743,1.0,observed
2026-07-27T14:45:28,2026-07-23,21.0,5.3029,2.9948,2.3081,2.4886,-0.1805,5.8501,3.4068,2.4433,2.5814,0.0,back-constructed
2026-07-27T14:45:28,2026-07-23,22.0,5.3258,3.0107,2.3151,2.4931,-0.1779,5.808,3.3442,2.4638,2.588,0.0,back-constructed
2026-07-27T14:45:28,2026-07-23,23.0,5.3445,3.0223,2.3221,2.4975,-0.1754,5.7544,3.2792,2.4752,2.5942,0.0,back-constructed
2026-07-27T14:45:28,2026-07-23,24.0,5.3589,3.0303,2.3285,2.5018,-0.1732,5.6903,3.2142,2.476,2.6,0.0,back-constructed
2026-07-27T14:45:28,2026-07-23,25.0,5.3692,3.0352,2.334,2.5059,-0.1719,5.6164,3.1517,2.4647,2.6055,0.0,back-constructed
2026-07-27T14:45:28,2026-07-23,26.0,5.3755,3.0375,2.338,2.5099,-0.1719,5.5337,3.0946,2.4391,2.6105,0.0,back-constructed
2026-07-27T14:45:28,2026-07-23,27.0,5.378,3.0378,2.3402,2.5138,-0.1736,5.4429,3.0457,2.3972,2.6153,0.0,back-constructed
2026-07-27T14:45:28,2026-07-23,28.0,5.3768,3.0367,2.3401,2.5176,-0.1775,5.345,3.0079,2.3371,2.6198,0.0,back-constructed
2026-07-27T14:45:28,2026-07-23,29.0,5.3721,3.0349,2.3373,2.5213,-0.184,5.2408,2.9827,2.2581,2.6239,0.0,back-constructed
2026-07-27T14:45:28,2026-07-23,30.0,5.3641,3.0327,2.3314,2.5248,-0.1934,5.1309,2.9697,2.1612,2.6278,0.0,back-constructed
2026-07-28T14:18:47,2026-07-24,1.0,4.1911,2.0965,2.0946,2.3867,-0.2921,4.1911,2.0965,2.0946,2.3867,0.0,front-constructed
2026-07-28T14:18:47,2026-07-24,2.0,4.2505,2.1132,2.1373,2.4354,-0.2981,4.3099,2.1298,2.1801,2.4842,1.0,observed
2026-07-28T14:18:47,2026-07-24,3.0,4.3003,2.13,2.1703,2.4341,-0.2638,4.3998,2.1637,2.2361,2.4314,1.0,observed
2026-07-28T14:18:47,2026-07-24,4.0,4.358,2.1498,2.2082,2.4284,-0.2202,4.5312,2.2094,2.3218,2.4112,1.0,observed
2026-07-28T14:18:47,2026-07-24,5.0,4.4216,2.176,2.2456,2.4247,-0.1791,4.6758,2.2805,2.3953,2.4099,1.0,observed
2026-07-28T14:18:47,2026-07-24,6.0,4.4891,2.2112,2.2779,2.4235,-0.1456,4.8269,2.3874,2.4395,2.4178,1.0,observed
2026-07-28T14:18:47,2026-07-24,7.0,4.5591,2.2569,2.3022,2.4244,-0.1222,4.979,2.5309,2.4482,2.4299,1.0,observed
2026-07-28T14:18:47,2026-07-24,8.0,4.6268,2.3126,2.3143,2.4268,-0.1125,5.101,2.7024,2.3986,2.4436,1.0,observed
2026-07-28T14:18:47,2026-07-24,9.0,4.6945,2.3764,2.3182,2.4303,-0.1121,5.236,2.8869,2.3491,2.4578,1.0,observed
2026-07-28T14:18:47,2026-07-24,10.0,4.7612,2.4456,2.3156,2.4344,-0.1188,5.3612,3.0681,2.2931,2.4716,1.0,observed
2026-07-28T14:18:47,2026-07-24,11.0,4.8264,2.5171,2.3093,2.439,-0.1297,5.4781,3.2323,2.2458,2.4849,1.0,observed
2026-07-28T14:18:47,2026-07-24,12.0,4.8891,2.5881,2.301,2.4439,-0.1429,5.5786,3.3693,2.2093,2.4975,1.0,observed
2026-07-28T14:18:47,2026-07-24,13.0,4.9487,2.6562,2.2925,2.4489,-0.1564,5.6646,3.4732,2.1914,2.5094,1.0,observed
2026-07-28T14:18:47,2026-07-24,14.0,5.0049,2.7195,2.2854,2.454,-0.1686,5.7354,3.5428,2.1926,2.5206,1.0,observed
2026-07-28T14:18:47,2026-07-24,15.0,5.0573,2.7769,2.2804,2.4592,-0.1787,5.7907,3.5799,2.2109,2.5311,1.0,observed
2026-07-28T14:18:47,2026-07-24,16.0,5.1056,2.8276,2.278,2.4643,-0.1863,5.8305,3.5887,2.2419,2.5409,1.0,observed
2026-07-28T14:18:47,2026-07-24,17.0,5.1497,2.8715,2.2782,2.4693,-0.1912,5.855,3.5747,2.2804,2.5501,1.0,observed
2026-07-28T14:18:47,2026-07-24,18.0,5.1894,2.9089,2.2805,2.4743,-0.1938,5.8645,3.5436,2.321,2.5587,1.0,observed
2026-07-28T14:18:47,2026-07-24,19.0,5.2247,2.94,2.2847,2.4792,-0.1945,5.8596,3.5007,2.3589,2.5668,1.0,observed
2026-07-28T14:18:47,2026-07-24,20.0,5.2555,2.9656,2.2899,2.4839,-0.194,5.8409,3.4505,2.3904,2.5743,1.0,observed
2026-07-28T14:18:47,2026-07-24,21.0,5.2839,2.986,2.2978,2.4886,-0.1907,5.8511,3.3954,2.4557,2.5814,0.0,back-constructed
2026-07-28T14:18:47,2026-07-24,22.0,5.3078,3.0019,2.3059,2.4931,-0.1872,5.811,3.3363,2.4747,2.588,0.0,back-constructed
2026-07-28T14:18:47,2026-07-24,23.0,5.3275,3.0138,2.3136,2.4975,-0.1838,5.7594,3.2748,2.4847,2.5942,0.0,back-constructed
2026-07-28T14:18:47,2026-07-24,24.0,5.3429,3.0221,2.3208,2.5018,-0.181,5.6973,3.2129,2.4843,2.6,0.0,back-constructed
2026-07-28T14:18:47,2026-07-24,25.0,5.3542,3.0273,2.3268,2.5059,-0.1791,5.6254,3.1532,2.4722,2.6055,0.0,back-constructed
2026-07-28T14:18:47,2026-07-24,26.0,5.3615,3.0301,2.3314,2.5099,-0.1785,5.5447,3.0985,2.4462,2.6105,0.0,back-constructed
2026-07-28T14:18:47,2026-07-24,27.0,5.365,3.0309,2.3341,2.5138,-0.1797,5.4559,3.0517,2.4042,2.6153,0.0,back-constructed
2026-07-28T14:18:47,2026-07-24,28.0,5.3648,3.0303,2.3345,2.5176,-0.1831,5.36,3.0155,2.3445,2.6198,0.0,back-constructed
2026-07-28T14:18:47,2026-07-24,29.0,5.3611,3.029,2.3321,2.5213,-0.1892,5.2578,2.9916,2.2661,2.6239,0.0,back-constructed
2026-07-28T14:18:47,2026-07-24,30.0,5.3541,3.0274,2.3267,2.5248,-0.1981,5.1499,2.9799,2.1701,2.6278,0.0,back-constructed
2026-07-29T14:20:05,2026-07-27,1.0,4.204,2.1137,2.0903,2.3867,-0.2964,4.204,2.1137,2.0903,2.3867,0.0,front-constructed
2026-07-29T14:20:05,2026-07-27,2.0,4.2274,2.1313,2.0961,2.4354,-0.3393,4.2508,2.1489,2.1019,2.4842,1.0,observed
2026-07-29T14:20:05,2026-07-27,3.0,4.2895,2.1492,2.1403,2.4341,-0.2938,4.4136,2.185,2.2286,2.4314,1.0,observed
2026-07-29T14:20:05,2026-07-27,4.0,4.3381,2.1702,2.1679,2.4284,-0.2605,4.4839,2.2332,2.2507,2.4112,1.0,observed
2026-07-29T14:20:05,2026-07-27,5.0,4.3914,2.1977,2.1937,2.4247,-0.2309,4.6045,2.3075,2.297,2.4099,1.0,observed
2026-07-29T14:20:05,2026-07-27,6.0,4.4577,2.2344,2.2233,2.4235,-0.2002,4.7896,2.4181,2.3715,2.4178,1.0,observed
2026-07-29T14:20:05,2026-07-27,7.0,4.5258,2.2814,2.2444,2.4244,-0.18,4.9341,2.5634,2.3707,2.4299,1.0,observed
2026-07-29T14:20:05,2026-07-27,8.0,4.591,2.338,2.253,2.4268,-0.1738,5.0476,2.7343,2.3133,2.4436,1.0,observed
2026-07-29T14:20:05,2026-07-27,9.0,4.6557,2.4025,2.2533,2.4303,-0.177,5.1735,2.918,2.2555,2.4578,1.0,observed
2026-07-29T14:20:05,2026-07-27,10.0,4.7191,2.4723,2.2468,2.4344,-0.1876,5.2895,3.101,2.1885,2.4716,1.0,observed
2026-07-29T14:20:05,2026-07-27,11.0,4.7848,2.5449,2.2399,2.439,-0.1991,5.4414,3.2705,2.1709,2.4849,1.0,observed
2026-07-29T14:20:05,2026-07-27,12.0,4.8478,2.6174,2.2304,2.4439,-0.2135,5.5411,3.4156,2.1255,2.4975,1.0,observed
2026-07-29T14:20:05,2026-07-27,13.0,4.9077,2.6876,2.2201,2.4489,-0.2288,5.6268,3.5295,2.0973,2.5094,1.0,observed
2026-07-29T14:20:05,2026-07-27,14.0,4.9642,2.7534,2.2108,2.454,-0.2433,5.698,3.6091,2.0888,2.5206,1.0,observed
2026-07-29T14:20:05,2026-07-27,15.0,5.0169,2.8135,2.2033,2.4592,-0.2558,5.7543,3.655,2.0993,2.5311,1.0,observed
2026-07-29T14:20:05,2026-07-27,16.0,5.0655,2.867,2.1985,2.4643,-0.2658,5.7957,3.6697,2.126,2.5409,1.0,observed
2026-07-29T14:20:05,2026-07-27,17.0,5.1101,2.9136,2.1965,2.4693,-0.2728,5.8226,3.6578,2.1647,2.5501,1.0,observed
2026-07-29T14:20:05,2026-07-27,18.0,5.1503,2.953,2.1973,2.4743,-0.277,5.8352,3.6244,2.2107,2.5587,1.0,observed
2026-07-29T14:20:05,2026-07-27,19.0,5.1863,2.9858,2.2005,2.4792,-0.2786,5.834,3.5749,2.2591,2.5668,1.0,observed
2026-07-29T14:20:05,2026-07-27,20.0,5.218,3.0122,2.2058,2.4839,-0.2781,5.8198,3.5144,2.3053,2.5743,1.0,observed
2026-07-29T14:20:05,2026-07-27,21.0,5.2434,3.0329,2.2105,2.4886,-0.2781,5.7511,3.4469,2.3042,2.5814,0.0,back-constructed
2026-07-29T14:20:05,2026-07-27,22.0,5.2645,3.0485,2.2161,2.4931,-0.277,5.7087,3.3754,2.3333,2.588,0.0,back-constructed
2026-07-29T14:20:05,2026-07-27,23.0,5.2815,3.0595,2.222,2.4975,-0.2755,5.6554,3.3025,2.3529,2.5942,0.0,back-constructed
2026-07-29T14:20:05,2026-07-27,24.0,5.2945,3.0667,2.2278,2.5018,-0.2739,5.592,3.2309,2.3612,2.6,0.0,back-constructed
2026-07-29T14:20:05,2026-07-27,25.0,5.3035,3.0705,2.2329,2.5059,-0.273,5.5194,3.1631,2.3563,2.6055,0.0,back-constructed
2026-07-29T14:20:05,2026-07-27,26.0,5.3086,3.0717,2.2369,2.5099,-0.273,5.4383,3.1018,2.3364,2.6105,0.0,back-constructed
2026-07-29T14:20:05,2026-07-27,27.0,5.3102,3.0709,2.2392,2.5138,-0.2746,5.3495,3.0499,2.2996,2.6153,0.0,back-constructed
2026-07-29T14:20:05,2026-07-27,28.0,5.3082,3.0687,2.2394,2.5176,-0.2782,5.2539,3.0097,2.2443,2.6198,0.0,back-constructed
2026-07-29T14:20:05,2026-07-27,29.0,5.3028,3.0657,2.237,2.5213,-0.2842,5.1522,2.9823,2.1699,2.6239,0.0,back-constructed
2026-07-29T14:20:05,2026-07-27,30.0,5.2942,3.0625,2.2317,2.5248,-0.2931,5.0452,2.9673,2.078,2.6278,0.0,back-constructed
2026-07-30T14:11:29,2026-07-28,1.0,4.154,2.0814,2.0726,2.3867,-0.3141,4.154,2.0814,2.0726,2.3867,0.0,front-constructed
2026-07-30T14:11:29,2026-07-28,2.0,4.1774,2.0997,2.0777,2.4354,-0.3577,4.2008,2.1179,2.0828,2.4842,1.0,observed
2026-07-30T14:11:29,2026-07-28,3.0,4.2495,2.1181,2.1313,2.4341,-0.3028,4.3936,2.1551,2.2385,2.4314,1.0,observed
2026-07-30T14:11:29,2026-07-28,4.0,4.2931,2.1396,2.1534,2.4284,-0.2749,4.4239,2.2041,2.2198,2.4112,1.0,observed
2026-07-30T14:11:29,2026-07-28,5.0,4.3414,2.1675,2.1739,2.4247,-0.2507,4.5345,2.2787,2.2558,2.4099,1.0,observed
2026-07-30T14:11:29,2026-07-28,6.0,4.4077,2.2044,2.2033,2.4235,-0.2202,4.7396,2.3891,2.3504,2.4178,1.0,observed
2026-07-30T14:11:29,2026-07-28,7.0,4.4758,2.2515,2.2243,2.4244,-0.2001,4.8841,2.5339,2.3502,2.4299,1.0,observed
2026-07-30T14:11:29,2026-07-28,8.0,4.5443,2.308,2.2364,2.4268,-0.1905,5.0242,2.7036,2.3207,2.4436,1.0,observed
2026-07-30T14:11:29,2026-07-28,9.0,4.6124,2.3722,2.2402,2.4303,-0.19,5.1569,2.8856,2.2713,2.4578,1.0,observed
2026-07-30T14:11:29,2026-07-28,10.0,4.6791,2.4416,2.2376,2.4344,-0.1968,5.2795,3.0662,2.2134,2.4716,1.0,observed
2026-07-30T14:11:29,2026-07-28,11.0,4.7448,2.5135,2.2313,2.439,-0.2077,5.4014,3.2328,2.1686,2.4849,1.0,observed
2026-07-30T14:11:29,2026-07-28,12.0,4.8078,2.5853,2.2225,2.4439,-0.2213,5.5011,3.3749,2.1263,2.4975,1.0,observed
2026-07-30T14:11:29,2026-07-28,13.0,4.8677,2.6545,2.2132,2.4489,-0.2357,5.5868,3.4857,2.1012,2.5094,1.0,observed
2026-07-30T14:11:29,2026-07-28,14.0,4.9242,2.7194,2.2048,2.454,-0.2492,5.658,3.5626,2.0954,2.5206,1.0,observed
2026-07-30T14:11:29,2026-07-28,15.0,4.9769,2.7785,2.1983,2.4592,-0.2608,5.7143,3.6062,2.1081,2.5311,1.0,observed
2026-07-30T14:11:29,2026-07-28,16.0,5.0255,2.8311,2.1945,2.4643,-0.2698,5.7557,3.6194,2.1363,2.5409,1.0,observed
2026-07-30T14:11:29,2026-07-28,17.0,5.0701,2.8767,2.1934,2.4693,-0.276,5.7826,3.6069,2.1757,2.5501,1.0,observed
2026-07-30T14:11:29,2026-07-28,18.0,5.1103,2.9154,2.1949,2.4743,-0.2794,5.7952,3.574,2.2212,2.5587,1.0,observed
2026-07-30T14:11:29,2026-07-28,19.0,5.1463,2.9476,2.1987,2.4792,-0.2804,5.794,3.5261,2.2679,2.5668,1.0,observed
2026-07-30T14:11:29,2026-07-28,20.0,5.178,2.9736,2.2044,2.4839,-0.2795,5.7798,3.4685,2.3113,2.5743,1.0,observed
2026-07-30T14:11:29,2026-07-28,21.0,5.2044,2.9941,2.2102,2.4886,-0.2783,5.7321,3.4045,2.3276,2.5814,0.0,back-constructed
2026-07-30T14:11:29,2026-07-28,22.0,5.2265,3.0097,2.2168,2.4931,-0.2763,5.6917,3.3368,2.3549,2.588,0.0,back-constructed
2026-07-30T14:11:29,2026-07-28,23.0,5.2445,3.0209,2.2236,2.4975,-0.2739,5.6404,3.2676,2.3728,2.5942,0.0,back-constructed
2026-07-30T14:11:29,2026-07-28,24.0,5.2585,3.0284,2.2301,2.5018,-0.2717,5.579,3.1994,2.3797,2.6,0.0,back-constructed
2026-07-30T14:11:29,2026-07-28,25.0,5.2685,3.0326,2.2358,2.5059,-0.2701,5.5084,3.1345,2.3738,2.6055,0.0,back-constructed
2026-07-30T14:11:29,2026-07-28,26.0,5.2746,3.0343,2.2404,2.5099,-0.2696,5.4293,3.0758,2.3534,2.6105,0.0,back-constructed
2026-07-30T14:11:29,2026-07-28,27.0,5.2772,3.034,2.2432,2.5138,-0.2706,5.3425,3.026,2.3165,2.6153,0.0,back-constructed
2026-07-30T14:11:29,2026-07-28,28.0,5.2762,3.0323,2.2438,2.5176,-0.2738,5.2489,2.9875,2.2614,2.6198,0.0,back-constructed
2026-07-30T14:11:29,2026-07-28,29.0,5.2718,3.0299,2.2419,2.5213,-0.2794,5.1492,2.9615,2.1877,2.6239,0.0,back-constructed
2026-07-30T14:11:29,2026-07-28,30.0,5.2642,3.0271,2.2371,2.5248,-0.2878,5.0442,2.9477,2.0966,2.6278,0.0,back-constructed
2026-07-31T14:17:51,2026-07-29,1.0,4.104,2.0074,2.0966,2.3867,-0.29,4.104,2.0074,2.0966,2.3867,0.0,front-constructed
2026-07-31T14:17:51,2026-07-29,2.0,4.1374,2.0311,2.1063,2.4354,-0.3291,4.1708,2.0548,2.116,2.4842,1.0,observed
2026-07-31T14:17:51,2026-07-29,3.0,4.2295,2.0551,2.1744,2.4341,-0.2597,4.4136,2.1032,2.3104,2.4314,1.0,observed
2026-07-31T14:17:51,2026-07-29,4.0,4.2931,2.0825,2.2105,2.4284,-0.2178,4.4839,2.1648,2.3191,2.4112,1.0,observed
2026-07-31T14:17:51,2026-07-29,5.0,4.3614,2.1169,2.2444,2.4247,-0.1802,4.6345,2.2545,2.38,2.4099,1.0,observed
2026-07-31T14:17:51,2026-07-29,6.0,4.4377,2.1614,2.2764,2.4235,-0.1471,4.8196,2.3835,2.436,2.4178,1.0,observed
2026-07-31T14:17:51,2026-07-29,7.0,4.5158,2.2168,2.299,2.4244,-0.1254,4.9841,2.5491,2.435,2.4299,1.0,observed
2026-07-31T14:17:51,2026-07-29,8.0,4.591,2.2821,2.3089,2.4268,-0.1179,5.1176,2.7396,2.3779,2.4436,1.0,observed
2026-07-31T14:17:51,2026-07-29,9.0,4.6657,2.3552,2.3105,2.4303,-0.1197,5.2635,2.9399,2.3237,2.4578,1.0,observed
2026-07-31T14:17:51,2026-07-29,10.0,4.7391,2.4331,2.3061,2.4344,-0.1283,5.3995,3.1338,2.2657,2.4716,1.0,observed
2026-07-31T14:17:51,2026-07-29,11.0,4.8088,2.5126,2.2962,2.439,-0.1428,5.5054,3.3083,2.1971,2.4849,1.0,observed
2026-07-31T14:17:51,2026-07-29,12.0,4.8758,2.5911,2.2847,2.4439,-0.1592,5.6131,3.4545,2.1587,2.4975,1.0,observed
2026-07-31T14:17:51,2026-07-29,13.0,4.9397,2.6662,2.2735,2.4489,-0.1754,5.7068,3.5675,2.1394,2.5094,1.0,observed
2026-07-31T14:17:51,2026-07-29,14.0,5.0002,2.7362,2.264,2.454,-0.19,5.786,3.6458,2.1401,2.5206,1.0,observed
2026-07-31T14:17:51,2026-07-29,15.0,5.0569,2.7998,2.257,2.4592,-0.2021,5.8503,3.6909,2.1594,2.5311,1.0,observed
2026-07-31T14:17:51,2026-07-29,16.0,5.1095,2.8564,2.2531,2.4643,-0.2112,5.8997,3.7057,2.194,2.5409,1.0,observed
2026-07-31T14:17:51,2026-07-29,17.0,5.1581,2.9058,2.2523,2.4693,-0.217,5.9346,3.6946,2.2399,2.5501,1.0,observed
2026-07-31T14:17:51,2026-07-29,18.0,5.2023,2.9478,2.2545,2.4743,-0.2197,5.9552,3.6625,2.2926,2.5587,1.0,observed
2026-07-31T14:17:51,2026-07-29,19.0,5.2423,2.9829,2.2595,2.4792,-0.2197,5.962,3.6143,2.3478,2.5668,1.0,observed
2026-07-31T14:17:51,2026-07-29,20.0,5.278,3.0115,2.2665,2.4839,-0.2174,5.9558,3.5547,2.4011,2.5743,1.0,observed
2026-07-31T14:17:51,2026-07-29,21.0,5.3054,3.0341,2.2712,2.4886,-0.2173,5.8531,3.4877,2.3654,2.5814,0.0,back-constructed
2026-07-31T14:17:51,2026-07-29,22.0,5.3285,3.0515,2.277,2.4931,-0.2161,5.8147,3.4167,2.398,2.588,0.0,back-constructed
2026-07-31T14:17:51,2026-07-29,23.0,5.3475,3.0643,2.2833,2.4975,-0.2142,5.7654,3.3447,2.4207,2.5942,0.0,back-constructed
2026-07-31T14:17:51,2026-07-29,24.0,5.3625,3.073,2.2894,2.5018,-0.2123,5.706,3.2742,2.4319,2.6,0.0,back-constructed
2026-07-31T14:17:51,2026-07-29,25.0,5.3735,3.0784,2.295,2.5059,-0.2109,5.6374,3.2079,2.4295,2.6055,0.0,back-constructed
2026-07-31T14:17:51,2026-07-29,26.0,5.3806,3.0811,2.2995,2.5099,-0.2104,5.5603,3.1485,2.4117,2.6105,0.0,back-constructed
2026-07-31T14:17:51,2026-07-29,27.0,5.3842,3.0818,2.3024,2.5138,-0.2114,5.4755,3.0989,2.3767,2.6153,0.0,back-constructed
2026-07-31T14:17:51,2026-07-29,28.0,5.3842,3.081,2.3031,2.5176,-0.2145,5.3839,3.0611,2.3229,2.6198,0.0,back-constructed
2026-07-31T14:17:51,2026-07-29,29.0,5.3808,3.0795,2.3013,2.5213,-0.22,5.2862,3.0364,2.2498,2.6239,0.0,back-constructed
2026-07-31T14:17:51,2026-07-29,30.0,5.3742,3.0776,2.2965,2.5248,-0.2283,5.1832,3.0242,2.1591,2.6278,0.0,back-constructed
2026-08-03T14:47:51,2026-07-30,1.0,4.104,2.0168,2.0872,2.3867,-0.2994,4.104,2.0168,2.0872,2.3867,0.0,front-constructed
2026-08-03T14:47:51,2026-07-30,2.0,4.1474,2.0405,2.1069,2.4354,-0.3285,4.1908,2.0641,2.1266,2.4842,1.0,observed
2026-08-03T14:47:51,2026-07-30,3.0,4.2395,2.0644,2.1751,2.4341,-0.259,4.4236,2.1123,2.3113,2.4314,1.0,observed
2026-08-03T14:47:51,2026-07-30,4.0,4.3031,2.0916,2.2115,2.4284,-0.2168,4.4939,2.1731,2.3208,2.4112,1.0,observed
2026-08-03T14:47:51,2026-07-30,5.0,4.3714,2.1255,2.2459,2.4247,-0.1788,4.6445,2.2613,2.3833,2.4099,1.0,observed
2026-08-03T14:47:51,2026-07-30,6.0,4.4477,2.1692,2.2785,2.4235,-0.145,4.8296,2.3879,2.4417,2.4178,1.0,observed
2026-08-03T14:47:51,2026-07-30,7.0,4.5258,2.2237,2.3021,2.4244,-0.1223,4.9941,2.5502,2.4439,2.4299,1.0,observed
2026-08-03T14:47:51,2026-07-30,8.0,4.601,2.2879,2.3131,2.4268,-0.1137,5.1276,2.7376,2.39,2.4436,1.0,observed
2026-08-03T14:47:51,2026-07-30,9.0,4.6757,2.3599,2.3159,2.4303,-0.1144,5.2735,2.9356,2.338,2.4578,1.0,observed
2026-08-03T14:47:51,2026-07-30,10.0,4.7491,2.4368,2.3123,2.4344,-0.1221,5.4095,3.1294,2.2801,2.4716,1.0,observed
2026-08-03T14:47:51,2026-07-30,11.0,4.8188,2.5159,2.3029,2.439,-0.1361,5.5154,3.3062,2.2092,2.4849,1.0,observed
2026-08-03T14:47:51,2026-07-30,12.0,4.8858,2.5942,2.2916,2.4439,-0.1523,5.6231,3.4562,2.1669,2.4975,1.0,observed
2026-08-03T14:47:51,2026-07-30,13.0,4.9497,2.6696,2.2802,2.4489,-0.1687,5.7168,3.5738,2.143,2.5094,1.0,observed
2026-08-03T14:47:51,2026-07-30,14.0,5.0102,2.7401,2.2701,2.454,-0.1839,5.796,3.6569,2.139,2.5206,1.0,observed
2026-08-03T14:47:51,2026-07-30,15.0,5.0669,2.8045,2.2623,2.4592,-0.1968,5.8603,3.7063,2.154,2.5311,1.0,observed
2026-08-03T14:47:51,2026-07-30,16.0,5.1195,2.862,2.2575,2.4643,-0.2068,5.9097,3.7248,2.1849,2.5409,1.0,observed
2026-08-03T14:47:51,2026-07-30,17.0,5.1681,2.9123,2.2558,2.4693,-0.2136,5.9446,3.7166,2.228,2.5501,1.0,observed
2026-08-03T14:47:51,2026-07-30,18.0,5.2123,2.9553,2.257,2.4743,-0.2172,5.9652,3.6865,2.2787,2.5587,1.0,observed
2026-08-03T14:47:51,2026-07-30,19.0,5.2523,2.9913,2.261,2.4792,-0.2181,5.972,3.6394,2.3326,2.5668,1.0,observed
2026-08-03T14:47:51,2026-07-30,20.0,5.288,3.0208,2.2672,2.4839,-0.2167,5.9658,3.5804,2.3853,2.5743,1.0,observed
2026-08-03T14:47:51,2026-07-30,21.0,5.3154,3.0442,2.2712,2.4886,-0.2174,5.8631,3.5135,2.3496,2.5814,0.0,back-constructed
2026-08-03T14:47:51,2026-07-30,22.0,5.3385,3.0623,2.2762,2.4931,-0.2169,5.8247,3.4426,2.3821,2.588,0.0,back-constructed
2026-08-03T14:47:51,2026-07-30,23.0,5.3575,3.0757,2.2818,2.4975,-0.2157,5.7754,3.3705,2.4049,2.5942,0.0,back-constructed
2026-08-03T14:47:51,2026-07-30,24.0,5.3725,3.0851,2.2874,2.5018,-0.2144,5.716,3.3001,2.416,2.6,0.0,back-constructed
2026-08-03T14:47:51,2026-07-30,25.0,5.3835,3.091,2.2924,2.5059,-0.2135,5.6474,3.234,2.4134,2.6055,0.0,back-constructed
2026-08-03T14:47:51,2026-07-30,26.0,5.3906,3.0943,2.2964,2.5099,-0.2135,5.5703,3.175,2.3952,2.6105,0.0,back-constructed
2026-08-03T14:47:51,2026-07-30,27.0,5.3942,3.0954,2.2987,2.5138,-0.2151,5.4855,3.1259,2.3596,2.6153,0.0,back-constructed
2026-08-03T14:47:51,2026-07-30,28.0,5.3942,3.0952,2.299,2.5176,-0.2187,5.3939,3.0888,2.3051,2.6198,0.0,back-constructed
2026-08-03T14:47:51,2026-07-30,29.0,5.3908,3.0942,2.2966,2.5213,-0.2247,5.2962,3.065,2.2313,2.6239,0.0,back-constructed
2026-08-03T14:47:51,2026-07-30,30.0,5.3842,3.0928,2.2914,2.5248,-0.2334,5.1932,3.0537,2.1396,2.6278,0.0,back-constructed
2026-08-04T14:25:00,2026-07-31,1.0,4.144,2.0624,2.0816,2.3867,-0.305,4.144,2.0624,2.0816,2.3867,0.0,front-constructed
2026-08-04T14:25:00,2026-07-31,2.0,4.1974,2.0881,2.1093,2.4354,-0.3262,4.2508,2.1139,2.1369,2.4842,1.0,observed
2026-08-04T14:25:00,2026-07-31,3.0,4.2795,2.1141,2.1654,2.4341,-0.2687,4.4436,2.166,2.2776,2.4314,1.0,observed
2026-08-04T14:25:00,2026-07-31,4.0,4.3581,2.1432,2.2148,2.4284,-0.2135,4.5939,2.2306,2.3633,2.4112,1.0,observed
2026-08-04T14:25:00,2026-07-31,5.0,4.4414,2.1791,2.2623,2.4247,-0.1624,4.7745,2.3224,2.4521,2.4099,1.0,observed
2026-08-04T14:25:00,2026-07-31,6.0,4.5177,2.2246,2.2931,2.4235,-0.1304,4.8996,2.4522,2.4473,2.4178,1.0,observed
2026-08-04T14:25:00,2026-07-31,7.0,4.5958,2.2806,2.3152,2.4244,-0.1092,5.0641,2.6165,2.4476,2.4299,1.0,observed
2026-08-04T14:25:00,2026-07-31,8.0,4.671,2.346,2.3251,2.4268,-0.1018,5.1976,2.8036,2.394,2.4436,1.0,observed
2026-08-04T14:25:00,2026-07-31,9.0,4.7457,2.4186,2.3272,2.4303,-0.1031,5.3435,2.9996,2.3439,2.4578,1.0,observed
2026-08-04T14:25:00,2026-07-31,10.0,4.8191,2.4957,2.3234,2.4344,-0.111,5.4795,3.1901,2.2894,2.4716,1.0,observed
2026-08-04T14:25:00,2026-07-31,11.0,4.8878,2.5745,2.3132,2.439,-0.1258,5.5744,3.3626,2.2118,2.4849,1.0,observed
2026-08-04T14:25:00,2026-07-31,12.0,4.9538,2.6523,2.3015,2.4439,-0.1424,5.6801,3.5082,2.1719,2.4975,1.0,observed
2026-08-04T14:25:00,2026-07-31,13.0,5.0167,2.7269,2.2898,2.4489,-0.1591,5.7718,3.6215,2.1503,2.5094,1.0,observed
2026-08-04T14:25:00,2026-07-31,14.0,5.0762,2.7965,2.2797,2.454,-0.1743,5.849,3.7009,2.1481,2.5206,1.0,observed
2026-08-04T14:25:00,2026-07-31,15.0,5.1319,2.8598,2.272,2.4592,-0.1872,5.9113,3.7472,2.1641,2.5311,1.0,observed
2026-08-04T14:25:00,2026-07-31,16.0,5.1835,2.9163,2.2672,2.4643,-0.1971,5.9587,3.7635,2.1952,2.5409,1.0,observed
2026-08-04T14:25:00,2026-07-31,17.0,5.2311,2.9656,2.2655,2.4693,-0.2039,5.9916,3.754,2.2376,2.5501,1.0,observed
2026-08-04T14:25:00,2026-07-31,18.0,5.2743,3.0077,2.2666,2.4743,-0.2076,6.0102,3.7235,2.2867,2.5587,1.0,observed
2026-08-04T14:25:00,2026-07-31,19.0,5.3133,3.0429,2.2704,2.4792,-0.2088,6.015,3.677,2.3381,2.5668,1.0,observed
2026-08-04T14:25:00,2026-07-31,20.0,5.348,3.0717,2.2763,2.4839,-0.2077,6.0068,3.6193,2.3874,2.5743,1.0,observed
2026-08-04T14:25:00,2026-07-31,21.0,5.3754,3.0947,2.2807,2.4886,-0.2079,5.9231,3.5544,2.3687,2.5814,0.0,back-constructed
2026-08-04T14:25:00,2026-07-31,22.0,5.3985,3.1125,2.286,2.4931,-0.207,5.8847,3.4855,2.3992,2.588,0.0,back-constructed
2026-08-04T14:25:00,2026-07-31,23.0,5.4175,3.1257,2.2919,2.4975,-0.2056,5.8354,3.4153,2.4201,2.5942,0.0,back-constructed
2026-08-04T14:25:00,2026-07-31,24.0,5.4325,3.1349,2.2976,2.5018,-0.2041,5.776,3.3466,2.4294,2.6,0.0,back-constructed
2026-08-04T14:25:00,2026-07-31,25.0,5.4435,3.1407,2.3027,2.5059,-0.2032,5.7074,3.2819,2.4255,2.6055,0.0,back-constructed
2026-08-04T14:25:00,2026-07-31,26.0,5.4506,3.1439,2.3067,2.5099,-0.2032,5.6303,3.224,2.4062,2.6105,0.0,back-constructed
2026-08-04T14:25:00,2026-07-31,27.0,5.4542,3.1451,2.309,2.5138,-0.2048,5.5455,3.1757,2.3698,2.6153,0.0,back-constructed
2026-08-04T14:25:00,2026-07-31,28.0,5.4542,3.1449,2.3092,2.5176,-0.2084,5.4539,3.1391,2.3148,2.6198,0.0,back-constructed
2026-08-04T14:25:00,2026-07-31,29.0,5.4508,3.1439,2.3069,2.5213,-0.2144,5.3562,3.1156,2.2407,2.6239,0.0,back-constructed
2026-08-04T14:25:00,2026-07-31,30.0,5.4442,3.1426,2.3016,2.5248,-0.2232,5.2532,3.1044,2.1488,2.6278,0.0,back-constructed
2026-08-05T14:18:38,2026-08-03,1.0,4.1334,2.0522,2.0812,2.3867,-0.3055,4.1334,2.0522,2.0812,2.3867,0.0,front-constructed
2026-08-05T14:18:38,2026-08-03,2.0,4.1812,2.0739,2.1073,2.4354,-0.3281,4.2291,2.0957,2.1334,2.4842,1.0,observed
2026-08-05T14:18:38,2026-08-03,3.0,4.2647,2.096,2.1687,2.4341,-0.2653,4.4316,2.14,2.2917,2.4314,1.0,observed
2026-08-05T14:18:38,2026-08-03,4.0,4.327,2.1213,2.2057,2.4284,-0.2226,4.514,2.1973,2.3166,2.4112,1.0,observed
2026-08-05T14:18:38,2026-08-03,5.0,4.3917,2.1535,2.2381,2.4247,-0.1865,4.6502,2.2824,2.3678,2.4099,1.0,observed
2026-08-05T14:18:38,2026-08-03,6.0,4.4723,2.1955,2.2768,2.4235,-0.1467,4.8755,2.4055,2.47,2.4178,1.0,observed
2026-08-05T14:18:38,2026-08-03,7.0,4.5528,2.2483,2.3046,2.4244,-0.1199,5.0359,2.5647,2.4712,2.4299,1.0,observed
2026-08-05T14:18:38,2026-08-03,8.0,4.6323,2.3109,2.3213,2.4268,-0.1055,5.1884,2.7496,2.4387,2.4436,1.0,observed
2026-08-05T14:18:38,2026-08-03,9.0,4.7098,2.3814,2.3284,2.4303,-0.1019,5.3303,2.9455,2.3848,2.4578,1.0,observed
2026-08-05T14:18:38,2026-08-03,10.0,4.7848,2.457,2.3278,2.4344,-0.1066,5.46,3.1374,2.3226,2.4716,1.0,observed
2026-08-05T14:18:38,2026-08-03,11.0,4.8568,2.5348,2.322,2.439,-0.117,5.5759,3.3125,2.2634,2.4849,1.0,observed
2026-08-05T14:18:38,2026-08-03,12.0,4.9251,2.612,2.3131,2.4439,-0.1307,5.6772,3.461,2.2162,2.4975,1.0,observed
2026-08-05T14:18:38,2026-08-03,13.0,4.9896,2.6863,2.3033,2.4489,-0.1456,5.7633,3.5775,2.1858,2.5094,1.0,observed
2026-08-05T14:18:38,2026-08-03,14.0,5.0499,2.7558,2.2941,2.454,-0.1599,5.8339,3.6601,2.1737,2.5206,1.0,observed
2026-08-05T14:18:38,2026-08-03,15.0,5.1058,2.8194,2.2864,2.4592,-0.1728,5.8889,3.7101,2.1788,2.5311,1.0,observed
2026-08-05T14:18:38,2026-08-03,16.0,5.1573,2.8764,2.2809,2.4643,-0.1834,5.9286,3.7308,2.1978,2.5409,1.0,observed
2026-08-05T14:18:38,2026-08-03,17.0,5.2041,2.9264,2.2777,2.4693,-0.1917,5.9532,3.7267,2.2266,2.5501,1.0,observed
2026-08-05T14:18:38,2026-08-03,18.0,5.2463,2.9695,2.2767,2.4743,-0.1976,5.9634,3.7027,2.2607,2.5587,1.0,observed
2026-08-05T14:18:38,2026-08-03,19.0,5.2838,3.0061,2.2777,2.4792,-0.2014,5.9596,3.664,2.2956,2.5668,1.0,observed
2026-08-05T14:18:38,2026-08-03,20.0,5.3167,3.0365,2.2802,2.4839,-0.2037,5.9426,3.6152,2.3274,2.5743,1.0,observed
2026-08-05T14:18:38,2026-08-03,21.0,5.3461,3.0615,2.2847,2.4886,-0.2039,5.934,3.5596,2.3745,2.5814,0.0,back-constructed
2026-08-05T14:18:38,2026-08-03,22.0,5.3711,3.0814,2.2897,2.4931,-0.2034,5.8948,3.4997,2.3951,2.588,0.0,back-constructed
2026-08-05T14:18:38,2026-08-03,23.0,5.3917,3.0969,2.2948,2.4975,-0.2027,5.8446,3.4378,2.4068,2.5942,0.0,back-constructed
2026-08-05T14:18:38,2026-08-03,24.0,5.408,3.1085,2.2995,2.5018,-0.2022,5.7844,3.3764,2.408,2.6,0.0,back-constructed
2026-08-05T14:18:38,2026-08-03,25.0,5.4203,3.1169,2.3034,2.5059,-0.2025,5.7148,3.3181,2.3968,2.6055,0.0,back-constructed
2026-08-05T14:18:38,2026-08-03,26.0,5.4286,3.1226,2.306,2.5099,-0.2039,5.6369,3.2658,2.3711,2.6105,0.0,back-constructed
2026-08-05T14:18:38,2026-08-03,27.0,5.4332,3.1263,2.3069,2.5138,-0.207,5.5513,3.2225,2.3288,2.6153,0.0,back-constructed
2026-08-05T14:18:38,2026-08-03,28.0,5.4341,3.1286,2.3055,2.5176,-0.2121,5.4589,3.1908,2.2681,2.6198,0.0,back-constructed
2026-08-05T14:18:38,2026-08-03,29.0,5.4316,3.1301,2.3014,2.5213,-0.2198,5.3604,3.172,2.1884,2.6239,0.0,back-constructed
2026-08-05T14:18:38,2026-08-03,30.0,5.4257,3.1313,2.2944,2.5248,-0.2304,5.2565,3.1657,2.0909,2.6278,0.0,back-constructed
2026-08-06T14:21:55,2026-08-04,1.0,4.1034,2.0247,2.0787,2.3867,-0.308,4.1034,2.0247,2.0787,2.3867,0.0,front-constructed
2026-08-06T14:21:55,2026-08-04,2.0,4.1312,2.0458,2.0854,2.4354,-0.35,4.1591,2.067,2.0921,2.4842,1.0,observed
2026-08-06T14:21:55,2026-08-04,3.0,4.1947,2.0673,2.1274,2.4341,-0.3066,4.3216,2.1101,2.2115,2.4314,1.0,observed
2026-08-06T14:21:55,2026-08-04,4.0,4.257,2.0921,2.1649,2.4284,-0.2635,4.444,2.1667,2.2773,2.4112,1.0,observed
2026-08-06T14:21:55,2026-08-04,5.0,4.3217,2.124,2.1977,2.4247,-0.227,4.5802,2.2513,2.3289,2.4099,1.0,observed
2026-08-06T14:21:55,2026-08-04,6.0,4.4023,2.1657,2.2366,2.4235,-0.1869,4.8055,2.3744,2.4312,2.4178,1.0,observed
2026-08-06T14:21:55,2026-08-04,7.0,4.4828,2.2183,2.2645,2.4244,-0.1599,4.9659,2.5337,2.4322,2.4299,1.0,observed
2026-08-06T14:21:55,2026-08-04,8.0,4.5623,2.2809,2.2814,2.4268,-0.1454,5.1184,2.719,2.3994,2.4436,1.0,observed
2026-08-06T14:21:55,2026-08-04,9.0,4.6398,2.3513,2.2885,2.4303,-0.1418,5.2603,2.9152,2.3451,2.4578,1.0,observed
2026-08-06T14:21:55,2026-08-04,10.0,4.7148,2.427,2.2879,2.4344,-0.1465,5.39,3.1075,2.2825,2.4716,1.0,observed
2026-08-06T14:21:55,2026-08-04,11.0,4.7888,2.5048,2.284,2.439,-0.155,5.5279,3.2828,2.2451,2.4849,1.0,observed
2026-08-06T14:21:55,2026-08-04,12.0,4.8591,2.582,2.2771,2.4439,-0.1667,5.6332,3.4316,2.2016,2.4975,1.0,observed
2026-08-06T14:21:55,2026-08-04,13.0,4.9256,2.6563,2.2693,2.4489,-0.1796,5.7233,3.5482,2.1751,2.5094,1.0,observed
2026-08-06T14:21:55,2026-08-04,14.0,4.9879,2.7259,2.262,2.454,-0.192,5.7979,3.6307,2.1671,2.5206,1.0,observed
2026-08-06T14:21:55,2026-08-04,15.0,5.0458,2.7896,2.2563,2.4592,-0.2029,5.8569,3.6804,2.1764,2.5311,1.0,observed
2026-08-06T14:21:55,2026-08-04,16.0,5.0993,2.8465,2.2528,2.4643,-0.2115,5.9006,3.7005,2.2001,2.5409,1.0,observed
2026-08-06T14:21:55,2026-08-04,17.0,5.1481,2.8964,2.2517,2.4693,-0.2177,5.9292,3.6952,2.2341,2.5501,1.0,observed
2026-08-06T14:21:55,2026-08-04,18.0,5.1923,2.9394,2.2529,2.4743,-0.2214,5.9434,3.6694,2.274,2.5587,1.0,observed
2026-08-06T14:21:55,2026-08-04,19.0,5.2318,2.9756,2.2562,2.4792,-0.223,5.9436,3.6282,2.3154,2.5668,1.0,observed
2026-08-06T14:21:55,2026-08-04,20.0,5.2667,3.0056,2.2611,2.4839,-0.2228,5.9306,3.5762,2.3544,2.5743,1.0,observed
2026-08-06T14:21:55,2026-08-04,21.0,5.2961,3.03,2.2662,2.4886,-0.2224,5.884,3.5169,2.3671,2.5814,0.0,back-constructed
2026-08-06T14:21:55,2026-08-04,22.0,5.3211,3.0492,2.2719,2.4931,-0.2212,5.8448,3.4532,2.3916,2.588,0.0,back-constructed
2026-08-06T14:21:55,2026-08-04,23.0,5.3417,3.0639,2.2777,2.4975,-0.2197,5.7946,3.3875,2.4071,2.5942,0.0,back-constructed
2026-08-06T14:21:55,2026-08-04,24.0,5.358,3.0747,2.2833,2.5018,-0.2184,5.7344,3.3225,2.4118,2.6,0.0,back-constructed
2026-08-06T14:21:55,2026-08-04,25.0,5.3703,3.0822,2.2881,2.5059,-0.2178,5.6648,3.261,2.4039,2.6055,0.0,back-constructed
2026-08-06T14:21:55,2026-08-04,26.0,5.3786,3.0869,2.2917,2.5099,-0.2182,5.5869,3.2057,2.3811,2.6105,0.0,back-constructed
2026-08-06T14:21:55,2026-08-04,27.0,5.3832,3.0896,2.2936,2.5138,-0.2203,5.5013,3.1598,2.3415,2.6153,0.0,back-constructed
2026-08-06T14:21:55,2026-08-04,28.0,5.3841,3.0909,2.2932,2.5176,-0.2244,5.4089,3.1255,2.2833,2.6198,0.0,back-constructed
2026-08-06T14:21:55,2026-08-04,29.0,5.3816,3.0914,2.2902,2.5213,-0.2311,5.3104,3.1045,2.2059,2.6239,0.0,back-constructed
2026-08-06T14:21:55,2026-08-04,30.0,5.3757,3.0915,2.2842,2.5248,-0.2406,5.2065,3.096,2.1105,2.6278,0.0,back-constructed
2026-08-07T13:12:39,2026-08-05,1.0,4.0934,2.0337,2.0597,2.3867,-0.327,4.0934,2.0337,2.0597,2.3867,0.0,front-constructed
2026-08-07T13:12:39,2026-08-05,2.0,4.1112,2.0551,2.0561,2.4354,-0.3793,4.1291,2.0766,2.0525,2.4842,1.0,observed
2026-08-07T13:12:39,2026-08-05,3.0,4.1847,2.0769,2.1078,2.4341,-0.3262,4.3316,2.1203,2.2113,2.4314,1.0,observed
2026-08-07T13:12:39,2026-08-05,4.0,4.252,2.102,2.1501,2.4284,-0.2783,4.454,2.1773,2.2767,2.4112,1.0,observed
2026-08-07T13:12:39,2026-08-05,5.0,4.3217,2.134,2.1877,2.4247,-0.237,4.6002,2.262,2.3382,2.4099,1.0,observed
2026-08-07T13:12:39,2026-08-05,6.0,4.4023,2.1758,2.2265,2.4235,-0.197,4.8055,2.3849,2.4206,2.4178,1.0,observed
2026-08-07T13:12:39,2026-08-05,7.0,4.4828,2.2284,2.2545,2.4244,-0.17,4.9659,2.5437,2.4222,2.4299,1.0,observed
2026-08-07T13:12:39,2026-08-05,8.0,4.5623,2.2908,2.2714,2.4268,-0.1554,5.1184,2.728,2.3903,2.4436,1.0,observed
2026-08-07T13:12:39,2026-08-05,9.0,4.6398,2.361,2.2788,2.4303,-0.1515,5.2603,2.9228,2.3375,2.4578,1.0,observed
2026-08-07T13:12:39,2026-08-05,10.0,4.7148,2.4362,2.2786,2.4344,-0.1558,5.39,3.113,2.277,2.4716,1.0,observed
2026-08-07T13:12:39,2026-08-05,11.0,4.7888,2.5135,2.2753,2.439,-0.1637,5.5279,3.2858,2.2421,2.4849,1.0,observed
2026-08-07T13:12:39,2026-08-05,12.0,4.8591,2.59,2.2691,2.4439,-0.1747,5.6332,3.4317,2.2015,2.4975,1.0,observed
2026-08-07T13:12:39,2026-08-05,13.0,4.9256,2.6635,2.2621,2.4489,-0.1868,5.7233,3.5454,2.1779,2.5094,1.0,observed
2026-08-07T13:12:39,2026-08-05,14.0,4.9879,2.7322,2.2557,2.454,-0.1983,5.7979,3.625,2.1728,2.5206,1.0,observed
2026-08-07T13:12:39,2026-08-05,15.0,5.0458,2.7948,2.251,2.4592,-0.2081,5.8569,3.6719,2.185,2.5311,1.0,observed
2026-08-07T13:12:39,2026-08-05,16.0,5.0993,2.8507,2.2485,2.4643,-0.2157,5.9006,3.6892,2.2114,2.5409,1.0,observed
2026-08-07T13:12:39,2026-08-05,17.0,5.1481,2.8996,2.2485,2.4693,-0.2208,5.9292,3.681,2.2482,2.5501,1.0,observed
2026-08-07T13:12:39,2026-08-05,18.0,5.1923,2.9414,2.2509,2.4743,-0.2234,5.9434,3.6523,2.2911,2.5587,1.0,observed
2026-08-07T13:12:39,2026-08-05,19.0,5.2318,2.9764,2.2554,2.4792,-0.2238,5.9436,3.6078,2.3358,2.5668,1.0,observed
2026-08-07T13:12:39,2026-08-05,20.0,5.2667,3.0052,2.2615,2.4839,-0.2224,5.9306,3.5523,2.3783,2.5743,1.0,observed
2026-08-07T13:12:39,2026-08-05,21.0,5.2951,3.0283,2.2669,2.4886,-0.2217,5.863,3.4892,2.3739,2.5814,0.0,back-constructed
2026-08-07T13:12:39,2026-08-05,22.0,5.3191,3.0462,2.2729,2.4931,-0.2202,5.8218,3.4216,2.4002,2.588,0.0,back-constructed
2026-08-07T13:12:39,2026-08-05,23.0,5.3387,3.0595,2.2792,2.4975,-0.2183,5.7696,3.3522,2.4174,2.5942,0.0,back-constructed
2026-08-07T13:12:39,2026-08-05,24.0,5.354,3.0688,2.2852,2.5018,-0.2165,5.7074,3.2835,2.4239,2.6,0.0,back-constructed
2026-08-07T13:12:39,2026-08-05,25.0,5.3653,3.0748,2.2905,2.5059,-0.2154,5.6358,3.2183,2.4175,2.6055,0.0,back-constructed
2026-08-07T13:12:39,2026-08-05,26.0,5.3726,3.078,2.2946,2.5099,-0.2153,5.5559,3.1596,2.3962,2.6105,0.0,back-constructed
2026-08-07T13:12:39,2026-08-05,27.0,5.3762,3.0792,2.2969,2.5138,-0.2169,5.4683,3.1103,2.3579,2.6153,0.0,back-constructed
2026-08-07T13:12:39,2026-08-05,28.0,5.3761,3.079,2.2971,2.5176,-0.2205,5.3739,3.0729,2.301,2.6198,0.0,back-constructed
2026-08-07T13:12:39,2026-08-05,29.0,5.3726,3.078,2.2946,2.5213,-0.2267,5.2734,3.0487,2.2246,2.6239,0.0,back-constructed
2026-08-07T13:12:39,2026-08-05,30.0,5.3657,3.0766,2.2891,2.5248,-0.2357,5.1675,3.0372,2.1303,2.6278,0.0,back-constructed
2026-08-10T13:17:27,2026-08-06,1.0,4.1234,2.0496,2.0738,2.3867,-0.3129,4.1234,2.0496,2.0738,2.3867,0.0,front-constructed
2026-08-10T13:17:27,2026-08-06,2.0,4.1812,2.072,2.1092,2.4354,-0.3262,4.2391,2.0945,2.1446,2.4842,1.0,observed
2026-08-10T13:17:27,2026-08-06,3.0,4.2547,2.0946,2.1601,2.4341,-0.274,4.4016,2.1398,2.2618,2.4314,1.0,observed
2026-08-10T13:17:27,2026-08-06,4.0,4.322,2.1205,2.2016,2.4284,-0.2268,4.524,2.198,2.326,2.4112,1.0,observed
2026-08-10T13:17:27,2026-08-06,5.0,4.3917,2.1531,2.2386,2.4247,-0.1861,4.6702,2.2834,2.3868,2.4099,1.0,observed
2026-08-10T13:17:27,2026-08-06,6.0,4.4673,2.1953,2.272,2.4235,-0.1515,4.8455,2.4066,2.4389,2.4178,1.0,observed
2026-08-10T13:17:27,2026-08-06,7.0,4.5428,2.2482,2.2946,2.4244,-0.1298,4.9959,2.5657,2.4302,2.4299,1.0,observed
2026-08-10T13:17:27,2026-08-06,8.0,4.6223,2.311,2.3113,2.4268,-0.1156,5.1784,2.7504,2.428,2.4436,1.0,observed
2026-08-10T13:17:27,2026-08-06,9.0,4.6998,2.3816,2.3183,2.4303,-0.112,5.3203,2.946,2.3744,2.4578,1.0,observed
2026-08-10T13:17:27,2026-08-06,10.0,4.7748,2.4572,2.3177,2.4344,-0.1167,5.45,3.1376,2.3124,2.4716,1.0,observed
2026-08-10T13:17:27,2026-08-06,11.0,4.8468,2.5349,2.3118,2.439,-0.1271,5.5659,3.3125,2.2534,2.4849,1.0,observed
2026-08-10T13:17:27,2026-08-06,12.0,4.9151,2.6121,2.303,2.4439,-0.1408,5.6672,3.4609,2.2063,2.4975,1.0,observed
2026-08-10T13:17:27,2026-08-06,13.0,4.9796,2.6863,2.2933,2.4489,-0.1556,5.7533,3.5773,2.176,2.5094,1.0,observed
2026-08-10T13:17:27,2026-08-06,14.0,5.0399,2.7559,2.284,2.454,-0.17,5.8239,3.6599,2.164,2.5206,1.0,observed
2026-08-10T13:17:27,2026-08-06,15.0,5.0958,2.8195,2.2764,2.4592,-0.1828,5.8789,3.7099,2.169,2.5311,1.0,observed
2026-08-10T13:17:27,2026-08-06,16.0,5.1473,2.8764,2.2708,2.4643,-0.1934,5.9186,3.7306,2.1879,2.5409,1.0,observed
2026-08-10T13:17:27,2026-08-06,17.0,5.1941,2.9264,2.2677,2.4693,-0.2017,5.9432,3.7265,2.2167,2.5501,1.0,observed
2026-08-10T13:17:27,2026-08-06,18.0,5.2363,2.9695,2.2667,2.4743,-0.2076,5.9534,3.7026,2.2508,2.5587,1.0,observed
2026-08-10T13:17:27,2026-08-06,19.0,5.2738,3.0061,2.2677,2.4792,-0.2114,5.9496,3.6639,2.2857,2.5668,1.0,observed
2026-08-10T13:17:27,2026-08-06,20.0,5.3067,3.0365,2.2702,2.4839,-0.2137,5.9326,3.6151,2.3175,2.5743,1.0,observed
2026-08-10T13:17:27,2026-08-06,21.0,5.3361,3.0614,2.2747,2.4886,-0.2139,5.924,3.5596,2.3645,2.5814,0.0,back-constructed
2026-08-10T13:17:27,2026-08-06,22.0,5.3611,3.0814,2.2797,2.4931,-0.2134,5.8848,3.4997,2.3851,2.588,0.0,back-constructed
2026-08-10T13:17:27,2026-08-06,23.0,5.3817,3.0969,2.2848,2.4975,-0.2127,5.8346,3.4378,2.3968,2.5942,0.0,back-constructed
2026-08-10T13:17:27,2026-08-06,24.0,5.398,3.1085,2.2895,2.5018,-0.2122,5.7744,3.3764,2.398,2.6,0.0,back-constructed
2026-08-10T13:17:27,2026-08-06,25.0,5.4103,3.1169,2.2934,2.5059,-0.2125,5.7048,3.3181,2.3868,2.6055,0.0,back-constructed
2026-08-10T13:17:27,2026-08-06,26.0,5.4186,3.1226,2.296,2.5099,-0.2139,5.6269,3.2658,2.361,2.6105,0.0,back-constructed
2026-08-10T13:17:27,2026-08-06,27.0,5.4232,3.1263,2.2969,2.5138,-0.217,5.5413,3.2226,2.3187,2.6153,0.0,back-constructed
2026-08-10T13:17:27,2026-08-06,28.0,5.4241,3.1286,2.2955,2.5176,-0.2221,5.4489,3.1908,2.2581,2.6198,0.0,back-constructed
2026-08-10T13:17:27,2026-08-06,29.0,5.4216,3.1301,2.2914,2.5213,-0.2298,5.3504,3.172,2.1784,2.6239,0.0,back-constructed
2026-08-10T13:17:27,2026-08-06,30.0,5.4157,3.1313,2.2844,2.5248,-0.2404,5.2465,3.1657,2.0808,2.6278,0.0,back-constructed
2026-08-11T13:14:38,2026-08-07,1.0,4.0734,2.0074,2.066,2.3867,-0.3207,4.0734,2.0074,2.066,2.3867,0.0,front-constructed
2026-08-11T13:14:38,2026-08-07,2.0,4.1212,2.0305,2.0908,2.4354,-0.3447,4.1691,2.0535,2.1155,2.4842,1.0,observed
2026-08-11T13:14:38,2026-08-07,3.0,4.1947,2.0537,2.141,2.4341,-0.2931,4.3416,2.1003,2.2414,2.4314,1.0,observed
2026-08-11T13:14:38,2026-08-07,4.0,4.267,2.0803,2.1867,2.4284,-0.2416,4.484,2.16,2.3239,2.4112,1.0,observed
2026-08-11T13:14:38,2026-08-07,5.0,4.3417,2.1138,2.2279,2.4247,-0.1968,4.6402,2.2476,2.3926,2.4099,1.0,observed
2026-08-11T13:14:38,2026-08-07,6.0,4.4223,2.1571,2.2652,2.4235,-0.1583,4.8255,2.3735,2.452,2.4178,1.0,observed
2026-08-11T13:14:38,2026-08-07,7.0,4.5028,2.2112,2.2916,2.4244,-0.1328,4.9859,2.5362,2.4498,2.4299,1.0,observed
2026-08-11T13:14:38,2026-08-07,8.0,4.5823,2.2754,2.3068,2.4268,-0.12,5.1384,2.7248,2.4136,2.4436,1.0,observed
2026-08-11T13:14:38,2026-08-07,9.0,4.6598,2.3475,2.3124,2.4303,-0.1179,5.2803,2.9238,2.3565,2.4578,1.0,observed
2026-08-11T13:14:38,2026-08-07,10.0,4.7348,2.4245,2.3104,2.4344,-0.124,5.41,3.1174,2.2925,2.4716,1.0,observed
2026-08-11T13:14:38,2026-08-07,11.0,4.8088,2.5034,2.3054,2.439,-0.1336,5.5479,3.2926,2.2553,2.4849,1.0,observed
2026-08-11T13:14:38,2026-08-07,12.0,4.8791,2.5814,2.2977,2.4439,-0.1462,5.6532,3.44,2.2132,2.4975,1.0,observed
2026-08-11T13:14:38,2026-08-07,13.0,4.9456,2.6563,2.2893,2.4489,-0.1596,5.7433,3.5547,2.1886,2.5094,1.0,observed
2026-08-11T13:14:38,2026-08-07,14.0,5.0079,2.7262,2.2817,2.454,-0.1723,5.8179,3.6352,2.1826,2.5206,1.0,observed
2026-08-11T13:14:38,2026-08-07,15.0,5.0658,2.79,2.2758,2.4592,-0.1833,5.8769,3.6829,2.194,2.5311,1.0,observed
2026-08-11T13:14:38,2026-08-07,16.0,5.1193,2.8469,2.2723,2.4643,-0.192,5.9206,3.701,2.2196,2.5409,1.0,observed
2026-08-11T13:14:38,2026-08-07,17.0,5.1681,2.8967,2.2713,2.4693,-0.198,5.9492,3.6936,2.2556,2.5501,1.0,observed
2026-08-11T13:14:38,2026-08-07,18.0,5.2123,2.9395,2.2728,2.4743,-0.2015,5.9634,3.6655,2.2978,2.5587,1.0,observed
2026-08-11T13:14:38,2026-08-07,19.0,5.2518,2.9754,2.2765,2.4792,-0.2027,5.9636,3.6216,2.342,2.5668,1.0,observed
2026-08-11T13:14:38,2026-08-07,20.0,5.2867,3.0049,2.2818,2.4839,-0.2021,5.9506,3.5663,2.3843,2.5743,1.0,observed
2026-08-11T13:14:38,2026-08-07,21.0,5.3151,3.0286,2.2865,2.4886,-0.2021,5.883,3.5033,2.3797,2.5814,0.0,back-constructed
2026-08-11T13:14:38,2026-08-07,22.0,5.3391,3.0472,2.2919,2.4931,-0.2011,5.8418,3.4359,2.4059,2.588,0.0,back-constructed
2026-08-11T13:14:38,2026-08-07,23.0,5.3587,3.061,2.2976,2.4975,-0.1998,5.7896,3.3666,2.423,2.5942,0.0,back-constructed
2026-08-11T13:14:38,2026-08-07,24.0,5.374,3.0709,2.3031,2.5018,-0.1986,5.7274,3.2982,2.4291,2.6,0.0,back-constructed
2026-08-11T13:14:38,2026-08-07,25.0,5.3853,3.0774,2.3079,2.5059,-0.198,5.6558,3.2335,2.4224,2.6055,0.0,back-constructed
2026-08-11T13:14:38,2026-08-07,26.0,5.3926,3.0812,2.3114,2.5099,-0.1985,5.5759,3.1754,2.4005,2.6105,0.0,back-constructed
2026-08-11T13:14:38,2026-08-07,27.0,5.3962,3.0829,2.3133,2.5138,-0.2005,5.4883,3.1268,2.3615,2.6153,0.0,back-constructed
2026-08-11T13:14:38,2026-08-07,28.0,5.3961,3.0831,2.313,2.5176,-0.2047,5.3939,3.0901,2.3038,2.6198,0.0,back-constructed
2026-08-11T13:14:38,2026-08-07,29.0,5.3926,3.0826,2.31,2.5213,-0.2113,5.2934,3.0668,2.2265,2.6239,0.0,back-constructed
2026-08-11T13:14:38,2026-08-07,30.0,5.3857,3.0817,2.304,2.5248,-0.2208,5.1875,3.0562,2.1313,2.6278,0.0,back-constructed
2026-08-12T13:18:11,2026-08-10,1.0,4.1011,2.0317,2.0695,2.3867,-0.3172,4.1011,2.0317,2.0695,2.3867,0.0,front-constructed
2026-08-12T13:18:11,2026-08-10,2.0,4.1866,2.056,2.1306,2.4354,-0.3048,4.2721,2.0804,2.1917,2.4842,1.0,observed
2026-08-12T13:18:11,2026-08-10,3.0,4.251,2.0805,2.1706,2.4341,-0.2635,4.3799,2.1294,2.2506,2.4314,1.0,observed
2026-08-12T13:18:11,2026-08-10,4.0,4.3221,2.108,2.2141,2.4284,-0.2143,4.5352,2.1906,2.3445,2.4112,1.0,observed
2026-08-12T13:18:11,2026-08-10,5.0,4.3977,2.1422,2.2555,2.4247,-0.1691,4.7001,2.2788,2.4213,2.4099,1.0,observed
2026-08-12T13:18:11,2026-08-10,6.0,4.4811,2.1859,2.2952,2.4235,-0.1283,4.8983,2.4045,2.4938,2.4178,1.0,observed
2026-08-12T13:18:11,2026-08-10,7.0,4.5659,2.2401,2.3258,2.4244,-0.0986,5.0745,2.5651,2.5094,2.4299,1.0,observed
2026-08-12T13:18:11,2026-08-10,8.0,4.6457,2.3038,2.3419,2.4268,-0.0849,5.2046,2.7501,2.4545,2.4436,1.0,observed
2026-08-12T13:18:11,2026-08-10,9.0,4.7246,2.375,2.3496,2.4303,-0.0807,5.3554,2.9446,2.4107,2.4578,1.0,observed
2026-08-12T13:18:11,2026-08-10,10.0,4.8015,2.4509,2.3506,2.4344,-0.0838,5.4941,3.134,2.3601,2.4716,1.0,observed
2026-08-12T13:18:11,2026-08-10,11.0,4.8739,2.5286,2.3452,2.439,-0.0938,5.5971,3.3058,2.2913,2.4849,1.0,observed
2026-08-12T13:18:11,2026-08-10,12.0,4.9429,2.6055,2.3374,2.4439,-0.1064,5.7029,3.4513,2.2516,2.4975,1.0,observed
2026-08-12T13:18:11,2026-08-10,13.0,5.0083,2.6794,2.3289,2.4489,-0.12,5.7927,3.5658,2.227,2.5094,1.0,observed
2026-08-12T13:18:11,2026-08-10,14.0,5.0696,2.7486,2.321,2.454,-0.133,5.8661,3.648,2.2181,2.5206,1.0,observed
2026-08-12T13:18:11,2026-08-10,15.0,5.1265,2.812,2.3145,2.4592,-0.1447,5.9228,3.6994,2.2234,2.5311,1.0,observed
2026-08-12T13:18:11,2026-08-10,16.0,5.1787,2.8689,2.3098,2.4643,-0.1544,5.9629,3.7233,2.2396,2.5409,1.0,observed
2026-08-12T13:18:11,2026-08-10,17.0,5.2263,2.9192,2.3071,2.4693,-0.1623,5.9869,3.7241,2.2628,2.5501,1.0,observed
2026-08-12T13:18:11,2026-08-10,18.0,5.269,2.963,2.306,2.4743,-0.1682,5.9952,3.7064,2.2888,2.5587,1.0,observed
2026-08-12T13:18:11,2026-08-10,19.0,5.3069,3.0004,2.3065,2.4792,-0.1727,5.9884,3.6746,2.3138,2.5668,1.0,observed
2026-08-12T13:18:11,2026-08-10,20.0,5.3399,3.032,2.3078,2.4839,-0.1761,5.9673,3.633,2.3344,2.5743,1.0,observed
2026-08-12T13:18:11,2026-08-10,21.0,5.3711,3.0583,2.3128,2.4886,-0.1758,5.9957,3.5841,2.4117,2.5814,0.0,back-constructed
2026-08-12T13:18:11,2026-08-10,22.0,5.3976,3.0798,2.3179,2.4931,-0.1752,5.9545,3.5298,2.4247,2.588,0.0,back-constructed
2026-08-12T13:18:11,2026-08-10,23.0,5.4195,3.0968,2.3227,2.4975,-0.1748,5.9015,3.4722,2.4293,2.5942,0.0,back-constructed
2026-08-12T13:18:11,2026-08-10,24.0,5.437,3.11,2.3269,2.5018,-0.1748,5.8378,3.4139,2.4238,2.6,0.0,back-constructed
2026-08-12T13:18:11,2026-08-10,25.0,5.4501,3.1199,2.3301,2.5059,-0.1758,5.7641,3.3577,2.4064,2.6055,0.0,back-constructed
2026-08-12T13:18:11,2026-08-10,26.0,5.459,3.1271,2.3318,2.5099,-0.1781,5.6815,3.3069,2.3746,2.6105,0.0,back-constructed
2026-08-12T13:18:11,2026-08-10,27.0,5.4638,3.1322,2.3316,2.5138,-0.1822,5.5909,3.2647,2.3262,2.6153,0.0,back-constructed
2026-08-12T13:18:11,2026-08-10,28.0,5.4649,3.1359,2.329,2.5176,-0.1886,5.4931,3.2341,2.259,2.6198,0.0,back-constructed
2026-08-12T13:18:11,2026-08-10,29.0,5.4623,3.1387,2.3236,2.5213,-0.1977,5.389,3.2169,2.1721,2.6239,0.0,back-constructed
2026-08-12T13:18:11,2026-08-10,30.0,5.4562,3.1411,2.3151,2.5248,-0.2098,5.2794,3.2127,2.0667,2.6278,0.0,back-constructed
2026-08-13T13:20:26,2026-08-11,1.0,4.0911,2.0353,2.0558,2.3937,-0.3379,4.0911,2.0353,2.0558,2.3937,0.0,front-constructed
2026-08-13T13:20:26,2026-08-11,2.0,4.1566,2.0587,2.0979,2.4682,-0.3704,4.2221,2.0822,2.1399,2.5427,1.0,observed
2026-08-13T13:20:26,2026-08-11,3.0,4.211,2.0824,2.1287,2.4787,-0.35,4.3199,2.1296,2.1903,2.4997,1.0,observed
2026-08-13T13:20:26,2026-08-11,4.0,4.2921,2.1092,2.1829,2.4795,-0.2966,4.5352,2.1897,2.3454,2.4817,1.0,observed
2026-08-13T13:20:26,2026-08-11,5.0,4.3777,2.1428,2.2349,2.4794,-0.2446,4.7201,2.2773,2.4428,2.4793,1.0,observed
2026-08-13T13:20:26,2026-08-11,6.0,4.4611,2.1862,2.275,2.4803,-0.2053,4.8783,2.4028,2.4754,2.4845,1.0,observed
2026-08-13T13:20:26,2026-08-11,7.0,4.5459,2.2401,2.3058,2.4821,-0.1764,5.0545,2.5638,2.4908,2.4933,1.0,observed
2026-08-13T13:20:26,2026-08-11,8.0,4.6257,2.3037,2.322,2.4848,-0.1628,5.1846,2.7492,2.4355,2.5034,1.0,observed
2026-08-13T13:20:26,2026-08-11,9.0,4.7046,2.3749,2.3297,2.488,-0.1584,5.3354,2.9442,2.3911,2.5139,1.0,observed
2026-08-13T13:20:26,2026-08-11,10.0,4.7815,2.4508,2.3307,2.4917,-0.1609,5.4741,3.1341,2.3401,2.5243,1.0,observed
2026-08-13T13:20:26,2026-08-11,11.0,4.8559,2.5286,2.3273,2.4955,-0.1683,5.5991,3.3063,2.2928,2.5343,1.0,observed
2026-08-13T13:20:26,2026-08-11,12.0,4.9269,2.6056,2.3214,2.4996,-0.1782,5.7089,3.4522,2.2568,2.5438,1.0,observed
2026-08-13T13:20:26,2026-08-11,13.0,4.9943,2.6795,2.3148,2.5037,-0.1888,5.8027,3.5668,2.2359,2.5527,1.0,observed
2026-08-13T13:20:26,2026-08-11,14.0,5.0576,2.7487,2.3088,2.5078,-0.1989,5.8801,3.6489,2.2312,2.5612,1.0,observed
2026-08-13T13:20:26,2026-08-11,15.0,5.1165,2.8121,2.3043,2.5118,-0.2075,5.9408,3.6999,2.2409,2.5691,1.0,observed
2026-08-13T13:20:26,2026-08-11,16.0,5.1707,2.8691,2.3017,2.5159,-0.2142,5.9849,3.7228,2.2621,2.5765,1.0,observed
2026-08-13T13:20:26,2026-08-11,17.0,5.2203,2.9192,2.3011,2.5199,-0.2188,6.0129,3.7219,2.291,2.5834,1.0,observed
2026-08-13T13:20:26,2026-08-11,18.0,5.265,2.9627,2.3023,2.5237,-0.2214,6.0252,3.7014,2.3238,2.5899,1.0,observed
2026-08-13T13:20:26,2026-08-11,19.0,5.3049,2.9997,2.3052,2.5275,-0.2224,6.0224,3.6659,2.3565,2.596,1.0,observed
2026-08-13T13:20:26,2026-08-11,20.0,5.3399,3.0307,2.3092,2.5313,-0.222,6.0053,3.6193,2.3861,2.6016,1.0,observed
2026-08-13T13:20:26,2026-08-11,21.0,5.3701,3.0561,2.314,2.5349,-0.2208,5.9747,3.5645,2.4102,2.607,0.0,back-constructed
2026-08-13T13:20:26,2026-08-11,22.0,5.3956,3.0765,2.3192,2.5384,-0.2192,5.9315,3.5042,2.4273,2.612,0.0,back-constructed
2026-08-13T13:20:26,2026-08-11,23.0,5.4165,3.0923,2.3242,2.5418,-0.2175,5.8765,3.4407,2.4358,2.6166,0.0,back-constructed
2026-08-13T13:20:26,2026-08-11,24.0,5.433,3.1042,2.3288,2.5451,-0.2163,5.8108,3.3767,2.4341,2.621,0.0,back-constructed
2026-08-13T13:20:26,2026-08-11,25.0,5.4451,3.1126,2.3325,2.5483,-0.2158,5.7351,3.3151,2.42,2.6251,0.0,back-constructed
2026-08-13T13:20:26,2026-08-11,26.0,5.453,3.1182,2.3347,2.5514,-0.2166,5.6505,3.2593,2.3913,2.6289,0.0,back-constructed
2026-08-13T13:20:26,2026-08-11,27.0,5.4568,3.1217,2.3351,2.5544,-0.2193,5.5579,3.2126,2.3453,2.6325,0.0,back-constructed
2026-08-13T13:20:26,2026-08-11,28.0,5.4569,3.1237,2.3332,2.5573,-0.2241,5.4581,3.1778,2.2803,2.6358,0.0,back-constructed
2026-08-13T13:20:26,2026-08-11,29.0,5.4533,3.1249,2.3284,2.5601,-0.2317,5.352,3.1569,2.1951,2.639,0.0,back-constructed
2026-08-13T13:20:26,2026-08-11,30.0,5.4462,3.1257,2.3205,2.5628,-0.2423,5.2404,3.1492,2.0912,2.6419,0.0,back-constructed
2026-08-14T13:14:59,2026-08-12,1.0,4.0611,2.0105,2.0506,2.3937,-0.3431,4.0611,2.0105,2.0506,2.3937,0.0,front-constructed
2026-08-14T13:14:59,2026-08-12,2.0,4.1366,2.0353,2.1013,2.4682,-0.3669,4.2121,2.06,2.1521,2.5427,1.0,observed
2026-08-14T13:14:59,2026-08-12,3.0,4.191,2.0602,2.1309,2.4787,-0.3478,4.2999,2.1099,2.19,2.4997,1.0,observed
2026-08-14T13:14:59,2026-08-12,4.0,4.2771,2.0882,2.1888,2.4795,-0.2906,4.5352,2.1724,2.3627,2.4817,1.0,observed
2026-08-14T13:14:59,2026-08-12,5.0,4.3677,2.1231,2.2446,2.4794,-0.2348,4.7301,2.2625,2.4676,2.4793,1.0,observed
2026-08-14T13:14:59,2026-08-12,6.0,4.4461,2.1677,2.2784,2.4803,-0.2019,4.8383,2.3909,2.4474,2.4845,1.0,observed
2026-08-14T13:14:59,2026-08-12,7.0,4.5259,2.2231,2.3028,2.4821,-0.1793,5.0045,2.5551,2.4494,2.4933,1.0,observed
2026-08-14T13:14:59,2026-08-12,8.0,4.6057,2.2882,2.3175,2.4848,-0.1673,5.1646,2.7441,2.4205,2.5034,1.0,observed
2026-08-14T13:14:59,2026-08-12,9.0,4.6846,2.3609,2.3237,2.488,-0.1643,5.3154,2.9421,2.3732,2.5139,1.0,observed
2026-08-14T13:14:59,2026-08-12,10.0,4.7615,2.4381,2.3234,2.4917,-0.1682,5.4541,3.1335,2.3206,2.5243,1.0,observed
2026-08-14T13:14:59,2026-08-12,11.0,4.8369,2.517,2.3199,2.4955,-0.1757,5.5901,3.3056,2.2845,2.5343,1.0,observed
2026-08-14T13:14:59,2026-08-12,12.0,4.9089,2.5947,2.3142,2.4996,-0.1854,5.7019,3.4501,2.2518,2.5438,1.0,observed
2026-08-14T13:14:59,2026-08-12,13.0,4.9773,2.6692,2.3081,2.5037,-0.1956,5.7977,3.5629,2.2349,2.5527,1.0,observed
2026-08-14T13:14:59,2026-08-12,14.0,5.0416,2.7388,2.3028,2.5078,-0.205,5.8771,3.6431,2.234,2.5612,1.0,observed
2026-08-14T13:14:59,2026-08-12,15.0,5.1015,2.8024,2.2991,2.5118,-0.2127,5.9398,3.6924,2.2473,2.5691,1.0,observed
2026-08-14T13:14:59,2026-08-12,16.0,5.1567,2.8594,2.2974,2.5159,-0.2185,5.9859,3.7143,2.2716,2.5765,1.0,observed
2026-08-14T13:14:59,2026-08-12,17.0,5.2073,2.9096,2.2977,2.5199,-0.2221,6.0159,3.7129,2.303,2.5834,1.0,observed
2026-08-14T13:14:59,2026-08-12,18.0,5.253,2.9531,2.2999,2.5237,-0.2238,6.0302,3.6927,2.3375,2.5899,1.0,observed
2026-08-14T13:14:59,2026-08-12,19.0,5.2939,2.9902,2.3037,2.5275,-0.2239,6.0294,3.6581,2.3714,2.596,1.0,observed
2026-08-14T13:14:59,2026-08-12,20.0,5.3299,3.0213,2.3086,2.5313,-0.2227,6.0143,3.6129,2.4014,2.6016,1.0,observed
2026-08-14T13:14:59,2026-08-12,21.0,5.3611,3.047,2.3142,2.5349,-0.2207,5.9857,3.56,2.4257,2.607,0.0,back-constructed
2026-08-14T13:14:59,2026-08-12,22.0,5.3876,3.0676,2.32,2.5384,-0.2184,5.9445,3.5017,2.4428,2.612,0.0,back-constructed
2026-08-14T13:14:59,2026-08-12,23.0,5.4095,3.0838,2.3257,2.5418,-0.2161,5.8915,3.4401,2.4514,2.6166,0.0,back-constructed
2026-08-14T13:14:59,2026-08-12,24.0,5.427,3.0961,2.3309,2.5451,-0.2142,5.8278,3.378,2.4498,2.621,0.0,back-constructed
2026-08-14T13:14:59,2026-08-12,25.0,5.4401,3.105,2.3351,2.5483,-0.2132,5.7541,3.3182,2.436,2.6251,0.0,back-constructed
2026-08-14T13:14:59,2026-08-12,26.0,5.449,3.1111,2.3379,2.5514,-0.2135,5.6715,3.2639,2.4076,2.6289,0.0,back-constructed
2026-08-14T13:14:59,2026-08-12,27.0,5.4538,3.1151,2.3388,2.5544,-0.2156,5.5809,3.2187,2.3623,2.6325,0.0,back-constructed
2026-08-14T13:14:59,2026-08-12,28.0,5.4549,3.1176,2.3373,2.5573,-0.22,5.4831,3.1852,2.2979,2.6358,0.0,back-constructed
2026-08-14T13:14:59,2026-08-12,29.0,5.4523,3.1192,2.3331,2.5601,-0.227,5.379,3.1654,2.2136,2.639,0.0,back-constructed
2026-08-14T13:14:59,2026-08-12,30.0,5.4462,3.1205,2.3256,2.5628,-0.2372,5.2694,3.1587,2.1106,2.6419,0.0,back-constructed
2026-08-17T12:51:28,2026-08-13,1.0,4.0311,1.9829,2.0483,2.3937,-0.3454,4.0311,1.9829,2.0483,2.3937,0.0,front-constructed
2026-08-17T12:51:28,2026-08-13,2.0,4.0866,2.007,2.0797,2.4682,-0.3886,4.1421,2.0311,2.111,2.5427,1.0,observed
2026-08-17T12:51:28,2026-08-13,3.0,4.141,2.0312,2.1098,2.4787,-0.3689,4.2499,2.0798,2.1701,2.4997,1.0,observed
2026-08-17T12:51:28,2026-08-13,4.0,4.2221,2.0588,2.1633,2.4795,-0.3162,4.4652,2.1416,2.3236,2.4817,1.0,observed
2026-08-17T12:51:28,2026-08-13,5.0,4.3077,2.0933,2.2144,2.4794,-0.2651,4.6501,2.2313,2.4188,2.4793,1.0,observed
2026-08-17T12:51:28,2026-08-13,6.0,4.3911,2.1377,2.2534,2.4803,-0.2269,4.8083,2.3598,2.4485,2.4845,1.0,observed
2026-08-17T12:51:28,2026-08-13,7.0,4.4759,2.193,2.2829,2.4821,-0.1992,4.9845,2.5246,2.4599,2.4933,1.0,observed
2026-08-17T12:51:28,2026-08-13,8.0,4.5557,2.2582,2.2975,2.4848,-0.1873,5.1146,2.7147,2.3999,2.5034,1.0,observed
2026-08-17T12:51:28,2026-08-13,9.0,4.6346,2.3311,2.3035,2.488,-0.1846,5.2654,2.9144,2.351,2.5139,1.0,observed
2026-08-17T12:51:28,2026-08-13,10.0,4.7115,2.4088,2.3027,2.4917,-0.1889,5.4041,3.108,2.2961,2.5243,1.0,observed
2026-08-17T12:51:28,2026-08-13,11.0,4.7879,2.4883,2.2996,2.4955,-0.1959,5.5511,3.2828,2.2683,2.5343,1.0,observed
2026-08-17T12:51:28,2026-08-13,12.0,4.8609,2.5668,2.2942,2.4996,-0.2054,5.6649,3.4303,2.2346,2.5438,1.0,observed
2026-08-17T12:51:28,2026-08-13,13.0,4.9303,2.6421,2.2882,2.5037,-0.2154,5.7627,3.546,2.2167,2.5527,1.0,observed
2026-08-17T12:51:28,2026-08-13,14.0,4.9956,2.7126,2.283,2.5078,-0.2248,5.8441,3.6291,2.215,2.5612,1.0,observed
2026-08-17T12:51:28,2026-08-13,15.0,5.0565,2.7772,2.2793,2.5118,-0.2325,5.9088,3.6811,2.2277,2.5691,1.0,observed
2026-08-17T12:51:28,2026-08-13,16.0,5.1127,2.8352,2.2776,2.5159,-0.2383,5.9569,3.7054,2.2515,2.5765,1.0,observed
2026-08-17T12:51:28,2026-08-13,17.0,5.1643,2.8864,2.2779,2.5199,-0.242,5.9889,3.7063,2.2826,2.5834,1.0,observed
2026-08-17T12:51:28,2026-08-13,18.0,5.211,2.931,2.28,2.5237,-0.2437,6.0052,3.6882,2.317,2.5899,1.0,observed
2026-08-17T12:51:28,2026-08-13,19.0,5.2529,2.9691,2.2838,2.5275,-0.2438,6.0064,3.6556,2.3508,2.596,1.0,observed
2026-08-17T12:51:28,2026-08-13,20.0,5.2899,3.0013,2.2886,2.5313,-0.2426,5.9933,3.6124,2.381,2.6016,1.0,observed
2026-08-17T12:51:28,2026-08-13,21.0,5.3221,3.0279,2.2942,2.5349,-0.2407,5.9667,3.5614,2.4053,2.607,0.0,back-constructed
2026-08-17T12:51:28,2026-08-13,22.0,5.3496,3.0496,2.3,2.5384,-0.2384,5.9275,3.505,2.4225,2.612,0.0,back-constructed
2026-08-17T12:51:28,2026-08-13,23.0,5.3725,3.0668,2.3057,2.5418,-0.2361,5.8765,3.4454,2.4311,2.6166,0.0,back-constructed
2026-08-17T12:51:28,2026-08-13,24.0,5.391,3.0801,2.3109,2.5451,-0.2342,5.8148,3.3851,2.4296,2.621,0.0,back-constructed
2026-08-17T12:51:28,2026-08-13,25.0,5.4051,3.09,2.3151,2.5483,-0.2332,5.7431,3.3273,2.4159,2.6251,0.0,back-constructed
2026-08-17T12:51:28,2026-08-13,26.0,5.415,3.0971,2.3179,2.5514,-0.2335,5.6625,3.275,2.3875,2.6289,0.0,back-constructed
2026-08-17T12:51:28,2026-08-13,27.0,5.4208,3.1021,2.3188,2.5544,-0.2356,5.5739,3.2317,2.3422,2.6325,0.0,back-constructed
2026-08-17T12:51:28,2026-08-13,28.0,5.4229,3.1056,2.3173,2.5573,-0.24,5.4781,3.2002,2.2779,2.6358,0.0,back-constructed
2026-08-17T12:51:28,2026-08-13,29.0,5.4213,3.1082,2.313,2.5601,-0.2471,5.376,3.1824,2.1936,2.639,0.0,back-constructed
2026-08-17T12:51:28,2026-08-13,30.0,5.4162,3.1105,2.3056,2.5628,-0.2572,5.2684,3.1777,2.0907,2.6419,0.0,back-constructed
2026-08-18T12:53:36,2026-08-14,1.0,4.0411,1.9895,2.0517,2.3937,-0.342,4.0411,1.9895,2.0517,2.3937,0.0,front-constructed
2026-08-18T12:53:36,2026-08-14,2.0,4.1066,2.0153,2.0913,2.4682,-0.3769,4.1721,2.0411,2.131,2.5427,1.0,observed
2026-08-18T12:53:36,2026-08-14,3.0,4.181,2.0413,2.1397,2.4787,-0.339,4.3299,2.0933,2.2366,2.4997,1.0,observed
2026-08-18T12:53:36,2026-08-14,4.0,4.2621,2.0706,2.1915,2.4795,-0.288,4.5052,2.1585,2.3466,2.4817,1.0,observed
2026-08-18T12:53:36,2026-08-14,5.0,4.3477,2.1069,2.2408,2.4794,-0.2386,4.6901,2.2518,2.4383,2.4793,1.0,observed
2026-08-18T12:53:36,2026-08-14,6.0,4.4311,2.153,2.2781,2.4803,-0.2022,4.8483,2.3837,2.4646,2.4845,1.0,observed
2026-08-18T12:53:36,2026-08-14,7.0,4.5159,2.2098,2.306,2.4821,-0.1761,5.0245,2.5509,2.4736,2.4933,1.0,observed
2026-08-18T12:53:36,2026-08-14,8.0,4.5991,2.2763,2.3227,2.4848,-0.1621,5.1813,2.7419,2.4394,2.5034,1.0,observed
2026-08-18T12:53:36,2026-08-14,9.0,4.6812,2.3502,2.331,2.488,-0.157,5.3387,2.9412,2.3975,2.5139,1.0,observed
2026-08-18T12:53:36,2026-08-14,10.0,4.7615,2.4286,2.333,2.4917,-0.1587,5.4841,3.1337,2.3504,2.5243,1.0,observed
2026-08-18T12:53:36,2026-08-14,11.0,4.8379,2.5084,2.3294,2.4955,-0.1661,5.6011,3.3071,2.294,2.5343,1.0,observed
2026-08-18T12:53:36,2026-08-14,12.0,4.9109,2.5872,2.3238,2.4996,-0.1758,5.7149,3.4532,2.2618,2.5438,1.0,observed
2026-08-18T12:53:36,2026-08-14,13.0,4.9803,2.6626,2.3177,2.5037,-0.1859,5.8127,3.5677,2.2451,2.5527,1.0,observed
2026-08-18T12:53:36,2026-08-14,14.0,5.0456,2.7331,2.3125,2.5078,-0.1953,5.8941,3.6497,2.2444,2.5612,1.0,observed
2026-08-18T12:53:36,2026-08-14,15.0,5.1065,2.7976,2.3089,2.5118,-0.203,5.9588,3.7007,2.258,2.5691,1.0,observed
2026-08-18T12:53:36,2026-08-14,16.0,5.1627,2.8555,2.3072,2.5159,-0.2086,6.0069,3.7241,2.2829,2.5765,1.0,observed
2026-08-18T12:53:36,2026-08-14,17.0,5.2143,2.9066,2.3077,2.5199,-0.2122,6.0389,3.7237,2.3152,2.5834,1.0,observed
2026-08-18T12:53:36,2026-08-14,18.0,5.261,2.9509,2.3101,2.5237,-0.2136,6.0552,3.7039,2.3513,2.5899,1.0,observed
2026-08-18T12:53:36,2026-08-14,19.0,5.3029,2.9887,2.3142,2.5275,-0.2134,6.0564,3.669,2.3875,2.596,1.0,observed
2026-08-18T12:53:36,2026-08-14,20.0,5.3399,3.0204,2.3195,2.5313,-0.2117,6.0433,3.6227,2.4206,2.6016,1.0,observed
2026-08-18T12:53:36,2026-08-14,21.0,5.3711,3.0465,2.3247,2.5349,-0.2102,5.9957,3.5683,2.4275,2.607,0.0,back-constructed
2026-08-18T12:53:36,2026-08-14,22.0,5.3976,3.0675,2.3302,2.5384,-0.2082,5.9545,3.5082,2.4463,2.612,0.0,back-constructed
2026-08-18T12:53:36,2026-08-14,23.0,5.4195,3.0839,2.3357,2.5418,-0.2061,5.9015,3.4449,2.4566,2.6166,0.0,back-constructed
2026-08-18T12:53:36,2026-08-14,24.0,5.437,3.0963,2.3407,2.5451,-0.2044,5.8378,3.3813,2.4565,2.621,0.0,back-constructed
2026-08-18T12:53:36,2026-08-14,25.0,5.4501,3.1052,2.3448,2.5483,-0.2034,5.7641,3.3202,2.4439,2.6251,0.0,back-constructed
2026-08-18T12:53:36,2026-08-14,26.0,5.459,3.1114,2.3476,2.5514,-0.2038,5.6815,3.265,2.4165,2.6289,0.0,back-constructed
2026-08-18T12:53:36,2026-08-14,27.0,5.4638,3.1153,2.3485,2.5544,-0.2059,5.5909,3.219,2.3719,2.6325,0.0,back-constructed
2026-08-18T12:53:36,2026-08-14,28.0,5.4649,3.1178,2.3471,2.5573,-0.2102,5.4931,3.1851,2.308,2.6358,0.0,back-constructed
2026-08-18T12:53:36,2026-08-14,29.0,5.4623,3.1195,2.3428,2.5601,-0.2173,5.389,3.165,2.224,2.639,0.0,back-constructed
2026-08-18T12:53:36,2026-08-14,30.0,5.4562,3.1208,2.3354,2.5628,-0.2274,5.2794,3.1583,2.1211,2.6419,0.0,back-constructed
